analytical_table_id,configuration_sha256,R,R_zero_handling,c,m1_canonical_selected_qss,m1_zeroth_order,m1_first_order,accepted_depth,fixed_point_residual,bessel_cf_difference
FIG3_CANONICAL_QSS_V2,72c2f02795c9120fd3fd7cf2ad8b371f0d5ccc32a8efacf6b2d0a8ca09cb384e,0.02,R>0; left boundary is R_to_0_plus limit,1.0,0.01979870398371524,0.0196078431372549,0.019794441619343427,40,1.0408340855860843e-17,1.3877787807814457e-17
FIG3_CANONICAL_QSS_V2,72c2f02795c9120fd3fd7cf2ad8b371f0d5ccc32a8efacf6b2d0a8ca09cb384e,0.044950000000000004,R>0; left boundary is R_to_0_plus limit,1.0,0.043925583763549894,0.0430164122685296,0.04388235698642019,40,2.0816681711721685e-16,2.2898349882893854e-16
FIG3_CANONICAL_QSS_V2,72c2f02795c9120fd3fd7cf2ad8b371f0d5ccc32a8efacf6b2d0a8ca09cb384e,0.0699,R>0; left boundary is R_to_0_plus limit,1.0,0.06740586594315794,0.06533320871109449,0.06726062455370041,40,1.096345236817342e-15,1.0685896612017132e-15
FIG3_CANONICAL_QSS_V2,72c2f02795c9120fd3fd7cf2ad8b371f0d5ccc32a8efacf6b2d0a8ca09cb384e,0.09485,R>0; left boundary is R_to_0_plus limit,1.0,0.0902295051286894,0.08663287208293373,0.08990520793996144,40,1.4155343563970746e-15,1.457167719820518e-15
FIG3_CANONICAL_QSS_V2,72c2f02795c9120fd3fd7cf2ad8b371f0d5ccc32a8efacf6b2d0a8ca09cb384e,0.1198,R>0; left boundary is R_to_0_plus limit,1.0,0.11238909793038157,0.10698338989105198,0.11180505850669258,40,0.0,0.0
FIG3_CANONICAL_QSS_V2,72c2f02795c9120fd3fd7cf2ad8b371f0d5ccc32a8efacf6b2d0a8ca09cb384e,0.14475,R>0; left boundary is R_to_0_plus limit,1.0,0.13387997651893846,0.12644682245031666,0.13295903417247346,40,2.7755575615628914e-17,2.7755575615628914e-17
FIG3_CANONICAL_QSS_V2,72c2f02795c9120fd3fd7cf2ad8b371f0d5ccc32a8efacf6b2d0a8ca09cb384e,0.1697,R>0; left boundary is R_to_0_plus limit,1.0,0.15470024735728677,0.14507993502607505,0.15337348614623456,40,2.7755575615628914e-17,5.551115123125783e-17
FIG3_CANONICAL_QSS_V2,72c2f02795c9120fd3fd7cf2ad8b371f0d5ccc32a8efacf6b2d0a8ca09cb384e,0.19465,R>0; left boundary is R_to_0_plus limit,1.0,0.17485077416867328,0.16293475076382202,0.17306036748891046,40,0.0,1.6653345369377348e-16
FIG3_CANONICAL_QSS_V2,72c2f02795c9120fd3fd7cf2ad8b371f0d5ccc32a8efacf6b2d0a8ca09cb384e,0.2196,R>0; left boundary is R_to_0_plus limit,1.0,0.19433510678711205,0.18005903574942603,0.19203575056197986,40,0.0,8.326672684688674e-17
FIG3_CANONICAL_QSS_V2,72c2f02795c9120fd3fd7cf2ad8b371f0d5ccc32a8efacf6b2d0a8ca09cb384e,0.24455,R>0; left boundary is R_to_0_plus limit,1.0,0.21315935995112129,0.1964967257241573,0.2103186656989705,40,0.0,8.326672684688674e-17
FIG3_CANONICAL_QSS_V2,72c2f02795c9120fd3fd7cf2ad8b371f0d5ccc32a8efacf6b2d0a8ca09cb384e,0.2695,R>0; left boundary is R_to_0_plus limit,1.0,0.23133204815818215,0.21228830248129185,0.2279301928020743,40,0.0,1.6653345369377348e-16
FIG3_CANONICAL_QSS_V2,72c2f02795c9120fd3fd7cf2ad8b371f0d5ccc32a8efacf6b2d0a8ca09cb384e,0.29445,R>0; left boundary is R_to_0_plus limit,1.0,0.24886388425338407,0.22747112673336167,0.24489275246912048,40,5.551115123125783e-17,2.7755575615628914e-17
FIG3_CANONICAL_QSS_V2,72c2f02795c9120fd3fd7cf2ad8b371f0d5ccc32a8efacf6b2d0a8ca09cb384e,0.3194,R>0; left boundary is R_to_0_plus limit,1.0,0.2657675504000273,0.24207973321206613,0.26122955477305704,40,0.0,2.7755575615628914e-16
FIG3_CANONICAL_QSS_V2,72c2f02795c9120fd3fd7cf2ad8b371f0d5ccc32a8efacf6b2d0a8ca09cb384e,0.34435000000000004,R>0; left boundary is R_to_0_plus limit,1.0,0.2820574504557885,0.256146092907353,0.27696417275154256,40,0.0,1.1102230246251565e-16
FIG3_CANONICAL_QSS_V2,72c2f02795c9120fd3fd7cf2ad8b371f0d5ccc32a8efacf6b2d0a8ca09cb384e,0.3693,R>0; left boundary is R_to_0_plus limit,1.0,0.297749452597487,0.26969984663696783,0.29212021462286536,40,0.0,1.6653345369377348e-16
FIG3_CANONICAL_QSS_V2,72c2f02795c9120fd3fd7cf2ad8b371f0d5ccc32a8efacf6b2d0a8ca09cb384e,0.39425,R>0; left boundary is R_to_0_plus limit,1.0,0.31286063038829093,0.2827685135377443,0.3067210741826551,40,5.551115123125783e-17,2.220446049250313e-16
FIG3_CANONICAL_QSS_V2,72c2f02795c9120fd3fd7cf2ad8b371f0d5ccc32a8efacf6b2d0a8ca09cb384e,0.4192,R>0; left boundary is R_to_0_plus limit,1.0,0.32740900947969587,0.29537767756482525,0.32078974310003416,40,5.551115123125783e-17,1.1102230246251565e-16
FIG3_CANONICAL_QSS_V2,72c2f02795c9120fd3fd7cf2ad8b371f0d5ccc32a8efacf6b2d0a8ca09cb384e,0.44415000000000004,R>0; left boundary is R_to_0_plus limit,1.0,0.34141332591393775,0.3075511546584496,0.33434867218584996,40,0.0,1.1102230246251565e-16
FIG3_CANONICAL_QSS_V2,72c2f02795c9120fd3fd7cf2ad8b371f0d5ccc32a8efacf6b2d0a8ca09cb384e,0.4691,R>0; left boundary is R_to_0_plus limit,1.0,0.3548928006630478,0.3193111428765911,0.3474196713514096,40,0.0,1.6653345369377348e-16
FIG3_CANONICAL_QSS_V2,72c2f02795c9120fd3fd7cf2ad8b371f0d5ccc32a8efacf6b2d0a8ca09cb384e,0.49405,R>0; left boundary is R_to_0_plus limit,1.0,0.36786693371467427,0.3306783574846892,0.36002384006891036,40,5.551115123125783e-17,2.220446049250313e-16
FIG3_CANONICAL_QSS_V2,72c2f02795c9120fd3fd7cf2ad8b371f0d5ccc32a8efacf6b2d0a8ca09cb384e,0.519,R>0; left boundary is R_to_0_plus limit,1.0,0.3803553197751307,0.34167215273206053,0.3721815218042836,40,5.551115123125783e-17,2.220446049250313e-16
FIG3_CANONICAL_QSS_V2,72c2f02795c9120fd3fd7cf2ad8b371f0d5ccc32a8efacf6b2d0a8ca09cb384e,0.54395,R>0; left boundary is R_to_0_plus limit,1.0,0.3923774865644064,0.35231063182097866,0.38391227721219967,40,5.551115123125783e-17,2.7755575615628914e-16
FIG3_CANONICAL_QSS_V2,72c2f02795c9120fd3fd7cf2ad8b371f0d5ccc32a8efacf6b2d0a8ca09cb384e,0.5689,R>0; left boundary is R_to_0_plus limit,1.0,0.4039527557591756,0.362610746382816,0.3952348719336026,40,5.551115123125783e-17,1.1102230246251565e-16
FIG3_CANONICAL_QSS_V2,72c2f02795c9120fd3fd7cf2ad8b371f0d5ccc32a8efacf6b2d0a8ca09cb384e,0.59385,R>0; left boundary is R_to_0_plus limit,1.0,0.41510012591026857,0.37258838661103616,0.40616727567459265,40,5.551115123125783e-17,5.551115123125783e-17
FIG3_CANONICAL_QSS_V2,72c2f02795c9120fd3fd7cf2ad8b371f0d5ccc32a8efacf6b2d0a8ca09cb384e,0.6188,R>0; left boundary is R_to_0_plus limit,1.0,0.4258381761163528,0.3822584630590561,0.4167266699157474,40,1.1102230246251565e-16,0.0
FIG3_CANONICAL_QSS_V2,72c2f02795c9120fd3fd7cf2ad8b371f0d5ccc32a8efacf6b2d0a8ca09cb384e,0.64375,R>0; left boundary is R_to_0_plus limit,1.0,0.43618498886010243,0.3916349809885932,0.42692946213762606,40,1.1102230246251565e-16,0.0
FIG3_CANONICAL_QSS_V2,72c2f02795c9120fd3fd7cf2ad8b371f0d5ccc32a8efacf6b2d0a8ca09cb384e,0.6687000000000001,R>0; left boundary is R_to_0_plus limit,1.0,0.4461580901843675,0.40073110804818124,0.43679130487840995,40,0.0,1.1102230246251565e-16
FIG3_CANONICAL_QSS_V2,72c2f02795c9120fd3fd7cf2ad8b371f0d5ccc32a8efacf6b2d0a8ca09cb384e,0.69365,R>0; left boundary is R_to_0_plus limit,1.0,0.45577440527824487,0.4095592359696514,0.44632711828490146,40,5.551115123125783e-17,2.7755575615628914e-16
FIG3_CANONICAL_QSS_V2,72c2f02795c9120fd3fd7cf2ad8b371f0d5ccc32a8efacf6b2d0a8ca09cb384e,0.7186,R>0; left boundary is R_to_0_plus limit,1.0,0.4650502275306257,0.4181310368904923,0.45555111509540996,40,5.551115123125783e-17,1.1102230246251565e-16
FIG3_CANONICAL_QSS_V2,72c2f02795c9120fd3fd7cf2ad8b371f0d5ccc32a8efacf6b2d0a8ca09cb384e,0.74355,R>0; left boundary is R_to_0_plus limit,1.0,0.47400119916767375,0.42645751484041183,0.4644768272159165,40,1.6653345369377348e-16,5.551115123125783e-17
FIG3_CANONICAL_QSS_V2,72c2f02795c9120fd3fd7cf2ad8b371f0d5ccc32a8efacf6b2d0a8ca09cb384e,0.7685,R>0; left boundary is R_to_0_plus limit,1.0,0.48264230169948935,0.43454905286966355,0.47311713323006144,40,5.551115123125783e-17,0.0
FIG3_CANONICAL_QSS_V2,72c2f02795c9120fd3fd7cf2ad8b371f0d5ccc32a8efacf6b2d0a8ca09cb384e,0.79345,R>0; left boundary is R_to_0_plus limit,1.0,0.49098785454210464,0.44241545624355294,0.4814842863275089,40,5.551115123125783e-17,2.220446049250313e-16
FIG3_CANONICAL_QSS_V2,72c2f02795c9120fd3fd7cf2ad8b371f0d5ccc32a8efacf6b2d0a8ca09cb384e,0.8184,R>0; left boundary is R_to_0_plus limit,1.0,0.49905152033958,0.4500659920809503,0.4895899422509603,40,5.551115123125783e-17,5.551115123125783e-17
FIG3_CANONICAL_QSS_V2,72c2f02795c9120fd3fd7cf2ad8b371f0d5ccc32a8efacf6b2d0a8ca09cb384e,0.84335,R>0; left boundary is R_to_0_plus limit,1.0,0.5068463156762872,0.4575094257737272,0.4974451869550127,40,0.0,2.220446049250313e-16
FIG3_CANONICAL_QSS_V2,72c2f02795c9120fd3fd7cf2ad8b371f0d5ccc32a8efacf6b2d0a8ca09cb384e,0.8683000000000001,R>0; left boundary is R_to_0_plus limit,1.0,0.5143846260333081,0.46475405448803725,0.5050605637445628,40,1.1102230246251565e-16,3.3306690738754696e-16
FIG3_CANONICAL_QSS_V2,72c2f02795c9120fd3fd7cf2ad8b371f0d5ccc32a8efacf6b2d0a8ca09cb384e,0.89325,R>0; left boundary is R_to_0_plus limit,1.0,0.5216782239995811,0.471807738016638,0.5124460997201251,40,1.1102230246251565e-16,0.0
FIG3_CANONICAL_QSS_V2,72c2f02795c9120fd3fd7cf2ad8b371f0d5ccc32a8efacf6b2d0a8ca09cb384e,0.9182,R>0; left boundary is R_to_0_plus limit,1.0,0.5287382898943058,0.4786779272234386,0.5196113314050754,40,0.0,2.220446049250313e-16
FIG3_CANONICAL_QSS_V2,72c2f02795c9120fd3fd7cf2ad8b371f0d5ccc32a8efacf6b2d0a8ca09cb384e,0.94315,R>0; left boundary is R_to_0_plus limit,1.0,0.5355754340900334,0.4853716902966832,0.5265653294677746,40,2.220446049250313e-16,3.3306690738754696e-16
FIG3_CANONICAL_QSS_V2,72c2f02795c9120fd3fd7cf2ad8b371f0d5ccc32a8efacf6b2d0a8ca09cb384e,0.9681,R>0; left boundary is R_to_0_plus limit,1.0,0.5421997204448723,0.4918957370052335,0.5333167224816295,40,0.0,1.1102230246251565e-16
FIG3_CANONICAL_QSS_V2,72c2f02795c9120fd3fd7cf2ad8b371f0d5ccc32a8efacf6b2d0a8ca09cb384e,0.99305,R>0; left boundary is R_to_0_plus limit,1.0,0.5486206903572259,0.49825644113293693,0.5398737196898896,40,0.0,2.220446049250313e-16
FIG3_CANONICAL_QSS_V2,72c2f02795c9120fd3fd7cf2ad8b371f0d5ccc32a8efacf6b2d0a8ca09cb384e,1.018,R>0; left boundary is R_to_0_plus limit,1.0,0.5548473870479174,0.5044598612487612,0.5462441327606085,40,1.1102230246251565e-16,2.220446049250313e-16
FIG3_CANONICAL_QSS_V2,72c2f02795c9120fd3fd7cf2ad8b371f0d5ccc32a8efacf6b2d0a8ca09cb384e,1.04295,R>0; left boundary is R_to_0_plus limit,1.0,0.560888379753292,0.510511759954967,0.5524353965316782,40,1.1102230246251565e-16,1.1102230246251565e-16
FIG3_CANONICAL_QSS_V2,72c2f02795c9120fd3fd7cf2ad8b371f0d5ccc32a8efacf6b2d0a8ca09cb384e,1.0679,R>0; left boundary is R_to_0_plus limit,1.0,0.5667517875800138,0.5164176217418638,0.5584545887569953,40,1.1102230246251565e-16,1.1102230246251565e-16
FIG3_CANONICAL_QSS_V2,72c2f02795c9120fd3fd7cf2ad8b371f0d5ccc32a8efacf6b2d0a8ca09cb384e,1.09285,R>0; left boundary is R_to_0_plus limit,1.0,0.5724453028289331,0.5221826695654251,0.5643084488732572,40,0.0,0.0
FIG3_CANONICAL_QSS_V2,72c2f02795c9120fd3fd7cf2ad8b371f0d5ccc32a8efacf6b2d0a8ca09cb384e,1.1178,R>0; left boundary is R_to_0_plus limit,1.0,0.5779762136428079,0.5278118802530928,0.570003395813196,40,1.1102230246251565e-16,4.440892098500626e-16
FIG3_CANONICAL_QSS_V2,72c2f02795c9120fd3fd7cf2ad8b371f0d5ccc32a8efacf6b2d0a8ca09cb384e,1.14275,R>0; left boundary is R_to_0_plus limit,1.0,0.5833514258719845,0.533309998833275,0.5755455448956011,40,1.1102230246251565e-16,0.0
FIG3_CANONICAL_QSS_V2,72c2f02795c9120fd3fd7cf2ad8b371f0d5ccc32a8efacf6b2d0a8ca09cb384e,1.1677,R>0; left boundary is R_to_0_plus limit,1.0,0.5885774840844338,0.5386815518752595,0.5809407238256604,40,1.1102230246251565e-16,2.220446049250313e-16
FIG3_CANONICAL_QSS_V2,72c2f02795c9120fd3fd7cf2ad8b371f0d5ccc32a8efacf6b2d0a8ca09cb384e,1.19265,R>0; left boundary is R_to_0_plus limit,1.0,0.5936605916728518,0.5439308599183637,0.5861944878412259,40,1.1102230246251565e-16,1.1102230246251565e-16
FIG3_CANONICAL_QSS_V2,72c2f02795c9120fd3fd7cf2ad8b371f0d5ccc32a8efacf6b2d0a8ca09cb384e,1.2176,R>0; left boundary is R_to_0_plus limit,1.0,0.5986066300327219,0.549062049062049,0.5913121340417957,40,1.1102230246251565e-16,2.220446049250313e-16
FIG3_CANONICAL_QSS_V2,72c2f02795c9120fd3fd7cf2ad8b371f0d5ccc32a8efacf6b2d0a8ca09cb384e,1.24255,R>0; left boundary is R_to_0_plus limit,1.0,0.6034211768021298,0.554079061782346,0.5962987149375377,40,0.0,1.1102230246251565e-16
FIG3_CANONICAL_QSS_V2,72c2f02795c9120fd3fd7cf2ad8b371f0d5ccc32a8efacf6b2d0a8ca09cb384e,1.2675,R>0; left boundary is R_to_0_plus limit,1.0,0.6081095231674026,0.5589856670341786,0.6011590512556367,40,0.0,3.3306690738754696e-16
FIG3_CANONICAL_QSS_V2,72c2f02795c9120fd3fd7cf2ad8b371f0d5ccc32a8efacf6b2d0a8ca09cb384e,1.29245,R>0; left boundary is R_to_0_plus limit,1.0,0.6126766902489358,0.5637854696939956,0.6058977440408394,40,0.0,4.440892098500626e-16
FIG3_CANONICAL_QSS_V2,72c2f02795c9120fd3fd7cf2ad8b371f0d5ccc32a8efacf6b2d0a8ca09cb384e,1.3174000000000001,R>0; left boundary is R_to_0_plus limit,1.0,0.6171274445893734,0.5684819193924225,0.6105191860863062,40,0.0,1.1102230246251565e-16
FIG3_CANONICAL_QSS_V2,72c2f02795c9120fd3fd7cf2ad8b371f0d5ccc32a8efacf6b2d0a8ca09cb384e,1.34235,R>0; left boundary is R_to_0_plus limit,1.0,0.6214663127720936,0.5730783187824194,0.615027572729914,40,0.0,7.771561172376096e-16
FIG3_CANONICAL_QSS_V2,72c2f02795c9120fd3fd7cf2ad8b371f0d5ccc32a8efacf6b2d0a8ca09cb384e,1.3673,R>0; left boundary is R_to_0_plus limit,1.0,0.6256975952020597,0.5775778312845857,0.6194269120500028,40,0.0,3.3306690738754696e-16
FIG3_CANONICAL_QSS_V2,72c2f02795c9120fd3fd7cf2ad8b371f0d5ccc32a8efacf6b2d0a8ca09cb384e,1.39225,R>0; left boundary is R_to_0_plus limit,1.0,0.6298253790838984,0.5819834883477898,0.6237210344932967,40,1.1102230246251565e-16,4.440892098500626e-16
FIG3_CANONICAL_QSS_V2,72c2f02795c9120fd3fd7cf2ad8b371f0d5ccc32a8efacf6b2d0a8ca09cb384e,1.4172,R>0; left boundary is R_to_0_plus limit,1.0,0.6338535506337598,0.5862981962601357,0.6279136019663868,40,0.0,2.220446049250313e-16
FIG3_CANONICAL_QSS_V2,72c2f02795c9120fd3fd7cf2ad8b371f0d5ccc32a8efacf6b2d0a8ca09cb384e,1.44215,R>0; left boundary is R_to_0_plus limit,1.0,0.637785806562387,0.5905247425424319,0.6320081164207844,40,4.440892098500626e-16,1.1102230246251565e-16
FIG3_CANONICAL_QSS_V2,72c2f02795c9120fd3fd7cf2ad8b371f0d5ccc32a8efacf6b2d0a8ca09cb384e,1.4671,R>0; left boundary is R_to_0_plus limit,1.0,0.6416256648670072,0.5946658019537108,0.6360079279601462,40,5.551115123125783e-16,1.3322676295501878e-15
FIG3_CANONICAL_QSS_V2,72c2f02795c9120fd3fd7cf2ad8b371f0d5ccc32a8efacf6b2d0a8ca09cb384e,1.49205,R>0; left boundary is R_to_0_plus limit,1.0,0.645376474969322,0.5987239421359926,0.6399162424968742,40,8.881784197001252e-16,7.771561172376096e-16
FIG3_CANONICAL_QSS_V2,72c2f02795c9120fd3fd7cf2ad8b371f0d5ccc32a8efacf6b2d0a8ca09cb384e,1.517,R>0; left boundary is R_to_0_plus limit,1.0,0.6490414272361654,0.6027016289233214,0.6437361289839074,40,1.1102230246251565e-15,1.2212453270876722e-15
FIG3_CANONICAL_QSS_V2,72c2f02795c9120fd3fd7cf2ad8b371f0d5ccc32a8efacf6b2d0a8ca09cb384e,1.54195,R>0; left boundary is R_to_0_plus limit,1.0,0.6526235619183667,0.6066012313381459,0.6474705262461747,40,1.2212453270876722e-15,1.5543122344752192e-15
FIG3_CANONICAL_QSS_V2,72c2f02795c9120fd3fd7cf2ad8b371f0d5ccc32a8efacf6b2d0a8ca09cb384e,1.5669,R>0; left boundary is R_to_0_plus limit,1.0,0.6561257775421273,0.6104250262963107,0.6511222494348469,40,1.5543122344752192e-15,2.3314683517128287e-15
FIG3_CANONICAL_QSS_V2,72c2f02795c9120fd3fd7cf2ad8b371f0d5ccc32a8efacf6b2d0a8ca09cb384e,1.59185,R>0; left boundary is R_to_0_plus limit,1.0,0.6595508387858506,0.6141752030402994,0.6546939961262709,40,1.7763568394002505e-15,1.3322676295501878e-15
FIG3_CANONICAL_QSS_V2,72c2f02795c9120fd3fd7cf2ad8b371f0d5ccc32a8efacf6b2d0a8ca09cb384e,1.6168,R>0; left boundary is R_to_0_plus limit,1.0,0.6629013838738733,0.6178538673188627,0.6581883520862265,40,1.9984014443252818e-15,2.220446049250313e-15
FIG3_CANONICAL_QSS_V2,72c2f02795c9120fd3fd7cf2ad8b371f0d5ccc32a8efacf6b2d0a8ca09cb384e,1.64175,R>0; left boundary is R_to_0_plus limit,1.0,0.6661799315170421,0.6214630453298003,0.6616077967189864,40,1.887379141862766e-15,2.7755575615628914e-15
FIG3_CANONICAL_QSS_V2,72c2f02795c9120fd3fd7cf2ad8b371f0d5ccc32a8efacf6b2d0a8ca09cb384e,1.6667,R>0; left boundary is R_to_0_plus limit,1.0,0.6693888874284784,0.625004687441407,0.6649547082195274,40,1.9984014443252818e-15,2.4424906541753444e-15
FIG3_CANONICAL_QSS_V2,72c2f02795c9120fd3fd7cf2ad8b371f0d5ccc32a8efacf6b2d0a8ca09cb384e,1.69165,R>0; left boundary is R_to_0_plus limit,1.0,0.6725305504414509,0.6284806717069455,0.6682313684461854,40,1.7763568394002505e-15,1.5543122344752192e-15
FIG3_CANONICAL_QSS_V2,72c2f02795c9120fd3fd7cf2ad8b371f0d5ccc32a8efacf6b2d0a8ca09cb384e,1.7166000000000001,R>0; left boundary is R_to_0_plus limit,1.0,0.6756071182545653,0.6318928071854524,0.671439967530017,40,1.5543122344752192e-15,1.4432899320127035e-15
FIG3_CANONICAL_QSS_V2,72c2f02795c9120fd3fd7cf2ad8b371f0d5ccc32a8efacf6b2d0a8ca09cb384e,1.74155,R>0; left boundary is R_to_0_plus limit,1.0,0.6786206928281764,0.6352428370812131,0.6745826082361868,40,1.4432899320127035e-15,1.7763568394002505e-15
FIG3_CANONICAL_QSS_V2,72c2f02795c9120fd3fd7cf2ad8b371f0d5ccc32a8efacf6b2d0a8ca09cb384e,1.7665,R>0; left boundary is R_to_0_plus limit,1.0,0.681573285454391,0.6385324417133563,0.6776613100917728,40,1.1102230246251565e-15,1.3322676295501878e-15
FIG3_CANONICAL_QSS_V2,72c2f02795c9120fd3fd7cf2ad8b371f0d5ccc32a8efacf6b2d0a8ca09cb384e,1.79145,R>0; left boundary is R_to_0_plus limit,1.0,0.684466821521684,0.6417632413261924,0.6806780132935327,40,1.2212453270876722e-15,8.881784197001252e-16
FIG3_CANONICAL_QSS_V2,72c2f02795c9120fd3fd7cf2ad8b371f0d5ccc32a8efacf6b2d0a8ca09cb384e,1.8164,R>0; left boundary is R_to_0_plus limit,1.0,0.6873031449938194,0.6449367987501776,0.6836345824083612,40,1.2212453270876722e-15,1.4432899320127035e-15
FIG3_CANONICAL_QSS_V2,72c2f02795c9120fd3fd7cf2ad8b371f0d5ccc32a8efacf6b2d0a8ca09cb384e,1.84135,R>0; left boundary is R_to_0_plus limit,1.0,0.6900840226215221,0.6480546219226776,0.6865328098783942,40,1.2212453270876722e-15,1.1102230246251565e-15
FIG3_CANONICAL_QSS_V2,72c2f02795c9120fd3fd7cf2ad8b371f0d5ccc32a8efacf6b2d0a8ca09cb384e,1.8663,R>0; left boundary is R_to_0_plus limit,1.0,0.6928111479041532,0.651118166277082,0.6893744193420109,40,7.771561172376096e-16,1.5543122344752192e-15
FIG3_CANONICAL_QSS_V2,72c2f02795c9120fd3fd7cf2ad8b371f0d5ccc32a8efacf6b2d0a8ca09cb384e,1.89125,R>0; left boundary is R_to_0_plus limit,1.0,0.6954861448175109,0.6541288370082144,0.6921610687812889,40,8.881784197001252e-16,7.771561172376096e-16
FIG3_CANONICAL_QSS_V2,72c2f02795c9120fd3fd7cf2ad8b371f0d5ccc32a8efacf6b2d0a8ca09cb384e,1.9162,R>0; left boundary is R_to_0_plus limit,1.0,0.6981105713228237,0.6570879912214526,0.6948943535058449,40,6.661338147750939e-16,7.771561172376096e-16
FIG3_CANONICAL_QSS_V2,72c2f02795c9120fd3fd7cf2ad8b371f0d5ccc32a8efacf6b2d0a8ca09cb384e,1.94115,R>0; left boundary is R_to_0_plus limit,1.0,0.7006859226710107,0.6599969399724598,0.6975758089823832,40,7.771561172376096e-16,5.551115123125783e-16
FIG3_CANONICAL_QSS_V2,72c2f02795c9120fd3fd7cf2ad8b371f0d5ccc32a8efacf6b2d0a8ca09cb384e,1.9661,R>0; left boundary is R_to_0_plus limit,1.0,0.7032136345153279,0.6628569502039715,0.7002069135187181,40,6.661338147750939e-16,3.3306690738754696e-16
FIG3_CANONICAL_QSS_V2,72c2f02795c9120fd3fd7cf2ad8b371f0d5ccc32a8efacf6b2d0a8ca09cb384e,1.99105,R>0; left boundary is R_to_0_plus limit,1.0,0.7056950858446678,0.6656692465856472,0.7027890908105029,40,6.661338147750939e-16,1.1102230246251565e-16
FIG3_CANONICAL_QSS_V2,72c2f02795c9120fd3fd7cf2ad8b371f0d5ccc32a8efacf6b2d0a8ca09cb384e,2.016,R>0; left boundary is R_to_0_plus limit,1.0,0.7081316017489336,0.6684350132625995,0.7053237123584055,40,4.440892098500626e-16,3.3306690738754696e-16
FIG3_CANONICAL_QSS_V2,72c2f02795c9120fd3fd7cf2ad8b371f0d5ccc32a8efacf6b2d0a8ca09cb384e,2.04095,R>0; left boundary is R_to_0_plus limit,1.0,0.7105244560271597,0.6711553955178481,0.7078120997630026,40,2.220446049250313e-16,5.551115123125783e-16
FIG3_CANONICAL_QSS_V2,72c2f02795c9120fd3fd7cf2ad8b371f0d5ccc32a8efacf6b2d0a8ca09cb384e,2.0659,R>0; left boundary is R_to_0_plus limit,1.0,0.7128748736483199,0.6738315013535993,0.7102555269042276,40,7.771561172376096e-16,5.551115123125783e-16
FIG3_CANONICAL_QSS_V2,72c2f02795c9120fd3fd7cf2ad8b371f0d5ccc32a8efacf6b2d0a8ca09cb384e,2.09085,R>0; left boundary is R_to_0_plus limit,1.0,0.7151840330741008,0.6764644029959397,0.7126552220117991,40,4.440892098500626e-16,1.1102230246251565e-16
FIG3_CANONICAL_QSS_V2,72c2f02795c9120fd3fd7cf2ad8b371f0d5ccc32a8efacf6b2d0a8ca09cb384e,2.1158,R>0; left boundary is R_to_0_plus limit,1.0,0.7174530684523055,0.6790551383272354,0.7150123696326715,40,5.551115123125783e-16,1.2212453270876722e-15
FIG3_CANONICAL_QSS_V2,72c2f02795c9120fd3fd7cf2ad8b371f0d5ccc32a8efacf6b2d0a8ca09cb384e,2.14075,R>0; left boundary is R_to_0_plus limit,1.0,0.719683071688936,0.6816047122502588,0.7173281125011877,40,2.220446049250313e-16,8.881784197001252e-16
FIG3_CANONICAL_QSS_V2,72c2f02795c9120fd3fd7cf2ad8b371f0d5ccc32a8efacf6b2d0a8ca09cb384e,2.1657,R>0; left boundary is R_to_0_plus limit,1.0,0.7218750944065102,0.6841140979878069,0.7196035533172783,40,4.440892098500626e-16,4.440892098500626e-16
FIG3_CANONICAL_QSS_V2,72c2f02795c9120fd3fd7cf2ad8b371f0d5ccc32a8efacf6b2d0a8ca09cb384e,2.19065,R>0; left boundary is R_to_0_plus limit,1.0,0.7240301497956183,0.6865842383213452,0.7218397564377322,40,4.440892098500626e-16,8.881784197001252e-16
FIG3_CANONICAL_QSS_V2,72c2f02795c9120fd3fd7cf2ad8b371f0d5ccc32a8efacf6b2d0a8ca09cb384e,2.2156,R>0; left boundary is R_to_0_plus limit,1.0,0.7261492143662882,0.6890160467719866,0.724037749485268,40,4.440892098500626e-16,8.881784197001252e-16
FIG3_CANONICAL_QSS_V2,72c2f02795c9120fd3fd7cf2ad8b371f0d5ccc32a8efacf6b2d0a8ca09cb384e,2.24055,R>0; left boundary is R_to_0_plus limit,1.0,0.7282332296052718,0.6914104087269136,0.7261985248798559,40,3.3306690738754696e-16,1.1102230246251565e-16
FIG3_CANONICAL_QSS_V2,72c2f02795c9120fd3fd7cf2ad8b371f0d5ccc32a8efacf6b2d0a8ca09cb384e,2.2655,R>0; left boundary is R_to_0_plus limit,1.0,0.7302831035449666,0.6937681825141632,0.7283230412964792,40,4.440892098500626e-16,4.440892098500626e-16
FIG3_CANONICAL_QSS_V2,72c2f02795c9120fd3fd7cf2ad8b371f0d5ccc32a8efacf6b2d0a8ca09cb384e,2.29045,R>0; left boundary is R_to_0_plus limit,1.0,0.7322997122493047,0.6960902004285128,0.7304122250532783,40,4.440892098500626e-16,4.440892098500626e-16
FIG3_CANONICAL_QSS_V2,72c2f02795c9120fd3fd7cf2ad8b371f0d5ccc32a8efacf6b2d0a8ca09cb384e,2.3154,R>0; left boundary is R_to_0_plus limit,1.0,0.7342839012215963,0.6983772697110454,0.7324669714337912,40,2.220446049250313e-16,2.220446049250313e-16
FIG3_CANONICAL_QSS_V2,72c2f02795c9120fd3fd7cf2ad8b371f0d5ccc32a8efacf6b2d0a8ca09cb384e,2.34035,R>0; left boundary is R_to_0_plus limit,1.0,0.7362364867389752,0.7006301734848145,0.7344881459467879,40,1.1102230246251565e-16,0.0
FIG3_CANONICAL_QSS_V2,72c2f02795c9120fd3fd7cf2ad8b371f0d5ccc32a8efacf6b2d0a8ca09cb384e,2.3653,R>0; left boundary is R_to_0_plus limit,1.0,0.7381582571178014,0.7028496716488871,0.7364765855269931,40,0.0,1.1102230246251565e-16
FIG3_CANONICAL_QSS_V2,72c2f02795c9120fd3fd7cf2ad8b371f0d5ccc32a8efacf6b2d0a8ca09cb384e,2.39025,R>0; left boundary is R_to_0_plus limit,1.0,0.7400499739140836,0.7050365017329105,0.7384330996798056,40,0.0,1.1102230246251565e-16
FIG3_CANONICAL_QSS_V2,72c2f02795c9120fd3fd7cf2ad8b371f0d5ccc32a8efacf6b2d0a8ca09cb384e,2.4152,R>0; left boundary is R_to_0_plus limit,1.0,0.7419123730627284,0.7071913797142187,0.7403584715729372,40,3.3306690738754696e-16,6.661338147750939e-16
FIG3_CANONICAL_QSS_V2,72c2f02795c9120fd3fd7cf2ad8b371f0d5ccc32a8efacf6b2d0a8ca09cb384e,2.44015,R>0; left boundary is R_to_0_plus limit,1.0,0.7437461659591662,0.7093150007993837,0.7422534590777351,40,2.220446049250313e-16,2.220446049250313e-16
FIG3_CANONICAL_QSS_V2,72c2f02795c9120fd3fd7cf2ad8b371f0d5ccc32a8efacf6b2d0a8ca09cb384e,2.4651,R>0; left boundary is R_to_0_plus limit,1.0,0.7455520404866922,0.7114080401720008,0.7441187957627878,40,2.220446049250313e-16,6.661338147750939e-16
FIG3_CANONICAL_QSS_V2,72c2f02795c9120fd3fd7cf2ad8b371f0d5ccc32a8efacf6b2d0a8ca09cb384e,2.49005,R>0; left boundary is R_to_0_plus limit,1.0,0.747330661992627,0.7134711537083996,0.7459551918422705,40,1.1102230246251565e-16,1.1102230246251565e-16
FIG3_CANONICAL_QSS_V2,72c2f02795c9120fd3fd7cf2ad8b371f0d5ccc32a8efacf6b2d0a8ca09cb384e,2.515,R>0; left boundary is R_to_0_plus limit,1.0,0.7490826742162231,0.7155049786628734,0.7477633350813464,40,2.220446049250313e-16,3.3306690738754696e-16
FIG3_CANONICAL_QSS_V2,72c2f02795c9120fd3fd7cf2ad8b371f0d5ccc32a8efacf6b2d0a8ca09cb384e,2.53995,R>0; left boundary is R_to_0_plus limit,1.0,0.7508087001710435,0.7175101343239312,0.7495438916608127,40,2.220446049250313e-16,3.3306690738754696e-16
FIG3_CANONICAL_QSS_V2,72c2f02795c9120fd3fd7cf2ad8b371f0d5ccc32a8efacf6b2d0a8ca09cb384e,2.5649,R>0; left boundary is R_to_0_plus limit,1.0,0.7525093429843817,0.7194872226429914,0.7512975070030521,40,1.1102230246251565e-16,4.440892098500626e-16
FIG3_CANONICAL_QSS_V2,72c2f02795c9120fd3fd7cf2ad8b371f0d5ccc32a8efacf6b2d0a8ca09cb384e,2.58985,R>0; left boundary is R_to_0_plus limit,1.0,0.7541851866961127,0.7214368288368594,0.7530248065612405,40,1.1102230246251565e-16,5.551115123125783e-16
FIG3_CANONICAL_QSS_V2,72c2f02795c9120fd3fd7cf2ad8b371f0d5ccc32a8efacf6b2d0a8ca09cb384e,2.6148000000000002,R>0; left boundary is R_to_0_plus limit,1.0,0.7558367970192366,0.723359521965254,0.7547263965736544,40,1.1102230246251565e-16,8.881784197001252e-16
FIG3_CANONICAL_QSS_V2,72c2f02795c9120fd3fd7cf2ad8b371f0d5ccc32a8efacf6b2d0a8ca09cb384e,2.63975,R>0; left boundary is R_to_0_plus limit,1.0,0.7574647220642197,0.7252558554845799,0.756402864784814,40,0.0,4.440892098500626e-16
FIG3_CANONICAL_QSS_V2,72c2f02795c9120fd3fd7cf2ad8b371f0d5ccc32a8efacf6b2d0a8ca09cb384e,2.6647,R>0; left boundary is R_to_0_plus limit,1.0,0.7590694930291191,0.7271263677790815,0.7580547811351097,40,1.1102230246251565e-16,0.0
FIG3_CANONICAL_QSS_V2,72c2f02795c9120fd3fd7cf2ad8b371f0d5ccc32a8efacf6b2d0a8ca09cb384e,2.68965,R>0; left boundary is R_to_0_plus limit,1.0,0.76065162485735,0.728971582670443,0.7596826984204638,40,0.0,1.1102230246251565e-16
FIG3_CANONICAL_QSS_V2,72c2f02795c9120fd3fd7cf2ad8b371f0d5ccc32a8efacf6b2d0a8ca09cb384e,2.7146,R>0; left boundary is R_to_0_plus limit,1.0,0.7622116168648432,0.730792009906854,0.7612871529234988,40,2.220446049250313e-16,5.551115123125783e-16
FIG3_CANONICAL_QSS_V2,72c2f02795c9120fd3fd7cf2ad8b371f0d5ccc32a8efacf6b2d0a8ca09cb384e,2.73955,R>0; left boundary is R_to_0_plus limit,1.0,0.7637499533382337,0.7325881456324959,0.7628686650176031,40,1.1102230246251565e-16,1.1102230246251565e-16
FIG3_CANONICAL_QSS_V2,72c2f02795c9120fd3fd7cf2ad8b371f0d5ccc32a8efacf6b2d0a8ca09cb384e,2.7645,R>0; left boundary is R_to_0_plus limit,1.0,0.7652671041056311,0.7343604728383584,0.764427739745207,40,2.220446049250313e-16,5.551115123125783e-16
FIG3_CANONICAL_QSS_V2,72c2f02795c9120fd3fd7cf2ad8b371f0d5ccc32a8efacf6b2d0a8ca09cb384e,2.78945,R>0; left boundary is R_to_0_plus limit,1.0,0.7667635250814091,0.7361094617952473,0.7659648673715161,40,3.3306690738754696e-16,3.3306690738754696e-16
FIG3_CANONICAL_QSS_V2,72c2f02795c9120fd3fd7cf2ad8b371f0d5ccc32a8efacf6b2d0a8ca09cb384e,2.8144,R>0; left boundary is R_to_0_plus limit,1.0,0.7682396587863898,0.7378355704697986,0.7674805239148813,40,1.1102230246251565e-16,4.440892098500626e-16
FIG3_CANONICAL_QSS_V2,72c2f02795c9120fd3fd7cf2ad8b371f0d5ccc32a8efacf6b2d0a8ca09cb384e,2.83935,R>0; left boundary is R_to_0_plus limit,1.0,0.7696959348447105,0.739539244924271,0.7689751716549172,40,4.440892098500626e-16,4.440892098500626e-16
FIG3_CANONICAL_QSS_V2,72c2f02795c9120fd3fd7cf2ad8b371f0d5ccc32a8efacf6b2d0a8ca09cb384e,2.8643,R>0; left boundary is R_to_0_plus limit,1.0,0.7711327704585642,0.7412209197008514,0.7704492596194309,40,1.1102230246251565e-16,1.1102230246251565e-16
FIG3_CANONICAL_QSS_V2,72c2f02795c9120fd3fd7cf2ad8b371f0d5ccc32a8efacf6b2d0a8ca09cb384e,2.88925,R>0; left boundary is R_to_0_plus limit,1.0,0.7725505708619766,0.7428810181911679,0.7719032240511594,40,1.1102230246251565e-16,1.1102230246251565e-16
FIG3_CANONICAL_QSS_V2,72c2f02795c9120fd3fd7cf2ad8b371f0d5ccc32a8efacf6b2d0a8ca09cb384e,2.9142,R>0; left boundary is R_to_0_plus limit,1.0,0.7739497297546714,0.7445199529916714,0.7733374888552651,40,1.1102230246251565e-16,6.661338147750939e-16
FIG3_CANONICAL_QSS_V2,72c2f02795c9120fd3fd7cf2ad8b371f0d5ccc32a8efacf6b2d0a8ca09cb384e,2.93915,R>0; left boundary is R_to_0_plus limit,1.0,0.7753306297170472,0.7461381262455098,0.7747524660284884,40,2.220446049250313e-16,2.220446049250313e-16
FIG3_CANONICAL_QSS_V2,72c2f02795c9120fd3fd7cf2ad8b371f0d5ccc32a8efacf6b2d0a8ca09cb384e,2.9641,R>0; left boundary is R_to_0_plus limit,1.0,0.7766936426072131,0.7477359299714942,0.7761485560708133,40,3.3306690738754696e-16,5.551115123125783e-16
FIG3_CANONICAL_QSS_V2,72c2f02795c9120fd3fd7cf2ad8b371f0d5ccc32a8efacf6b2d0a8ca09cb384e,2.98905,R>0; left boundary is R_to_0_plus limit,1.0,0.7780391299409866,0.7493137463807172,0.7775261483804496,40,3.3306690738754696e-16,0.0
FIG3_CANONICAL_QSS_V2,72c2f02795c9120fd3fd7cf2ad8b371f0d5ccc32a8efacf6b2d0a8ca09cb384e,3.014,R>0; left boundary is R_to_0_plus limit,1.0,0.7793674432556967,0.7508719481813653,0.7788856216329046,40,1.1102230246251565e-16,3.3306690738754696e-16
FIG3_CANONICAL_QSS_V2,72c2f02795c9120fd3fd7cf2ad8b371f0d5ccc32a8efacf6b2d0a8ca09cb384e,3.03895,R>0; left boundary is R_to_0_plus limit,1.0,0.780678924458599,0.7524108988722317,0.7802273441448684,40,2.220446049250313e-16,3.3306690738754696e-16
FIG3_CANONICAL_QSS_V2,72c2f02795c9120fd3fd7cf2ad8b371f0d5ccc32a8efacf6b2d0a8ca09cb384e,3.0639,R>0; left boundary is R_to_0_plus limit,1.0,0.7819739061606463,0.7539309530254188,0.7815516742236056,40,0.0,1.1102230246251565e-16
FIG3_CANONICAL_QSS_V2,72c2f02795c9120fd3fd7cf2ad8b371f0d5ccc32a8efacf6b2d0a8ca09cb384e,3.08885,R>0; left boundary is R_to_0_plus limit,1.0,0.7832527119963486,0.7554324565586901,0.782858960502512,40,1.1102230246251565e-16,6.661338147750939e-16
FIG3_CANONICAL_QSS_V2,72c2f02795c9120fd3fd7cf2ad8b371f0d5ccc32a8efacf6b2d0a8ca09cb384e,3.1138,R>0; left boundary is R_to_0_plus limit,1.0,0.7845156569303766,0.7569157469979095,0.7841495422634533,40,1.1102230246251565e-16,1.1102230246251565e-15
FIG3_CANONICAL_QSS_V2,72c2f02795c9120fd3fd7cf2ad8b371f0d5ccc32a8efacf6b2d0a8ca09cb384e,3.13875,R>0; left boundary is R_to_0_plus limit,1.0,0.7857630475515562,0.7583811537299909,0.7854237497464841,40,1.1102230246251565e-16,3.3306690738754696e-16
FIG3_CANONICAL_QSS_V2,72c2f02795c9120fd3fd7cf2ad8b371f0d5ccc32a8efacf6b2d0a8ca09cb384e,3.1637,R>0; left boundary is R_to_0_plus limit,1.0,0.7869951823548615,0.7598289982467517,0.7866819044475077,40,3.3306690738754696e-16,4.440892098500626e-16
FIG3_CANONICAL_QSS_V2,72c2f02795c9120fd3fd7cf2ad8b371f0d5ccc32a8efacf6b2d0a8ca09cb384e,3.18865,R>0; left boundary is R_to_0_plus limit,1.0,0.7882123520119602,0.7612595943800509,0.7879243194044093,40,4.440892098500626e-16,4.440892098500626e-16
FIG3_CANONICAL_QSS_V2,72c2f02795c9120fd3fd7cf2ad8b371f0d5ccc32a8efacf6b2d0a8ca09cb384e,3.2136,R>0; left boundary is R_to_0_plus limit,1.0,0.7894148396308744,0.7626732485285742,0.7891512994721729,40,1.1102230246251565e-16,7.771561172376096e-16
FIG3_CANONICAL_QSS_V2,72c2f02795c9120fd3fd7cf2ad8b371f0d5ccc32a8efacf6b2d0a8ca09cb384e,3.23855,R>0; left boundary is R_to_0_plus limit,1.0,0.7906029210052403,0.7640702598766087,0.790363141587465,40,3.3306690738754696e-16,0.0
FIG3_CANONICAL_QSS_V2,72c2f02795c9120fd3fd7cf2ad8b371f0d5ccc32a8efacf6b2d0a8ca09cb384e,3.2635,R>0; left boundary is R_to_0_plus limit,1.0,0.7917768648536767,0.7654509206051365,0.791560135023145,40,0.0,2.220446049250313e-16
FIG3_CANONICAL_QSS_V2,72c2f02795c9120fd3fd7cf2ad8b371f0d5ccc32a8efacf6b2d0a8ca09cb384e,3.28845,R>0; left boundary is R_to_0_plus limit,1.0,0.7929369330497003,0.766815516095559,0.7927425616331375,40,1.1102230246251565e-16,5.551115123125783e-16
FIG3_CANONICAL_QSS_V2,72c2f02795c9120fd3fd7cf2ad8b371f0d5ccc32a8efacf6b2d0a8ca09cb384e,3.3134,R>0; left boundary is R_to_0_plus limit,1.0,0.7940833808426331,0.7681643251263506,0.7939106960880853,40,2.220446049250313e-16,5.551115123125783e-16
FIG3_CANONICAL_QSS_V2,72c2f02795c9120fd3fd7cf2ad8b371f0d5ccc32a8efacf6b2d0a8ca09cb384e,3.33835,R>0; left boundary is R_to_0_plus limit,1.0,0.7952164570699098,0.7694976200629272,0.7950648061021782,40,2.220446049250313e-16,7.771561172376096e-16
FIG3_CANONICAL_QSS_V2,72c2f02795c9120fd3fd7cf2ad8b371f0d5ccc32a8efacf6b2d0a8ca09cb384e,3.3633,R>0; left boundary is R_to_0_plus limit,1.0,0.7963364043611749,0.770815667041001,0.7962051526515345,40,1.1102230246251565e-16,2.220446049250313e-16
FIG3_CANONICAL_QSS_V2,72c2f02795c9120fd3fd7cf2ad8b371f0d5ccc32a8efacf6b2d0a8ca09cb384e,3.38825,R>0; left boundary is R_to_0_plus limit,1.0,0.7974434593345396,0.7721187261436792,0.7973319901844945,40,1.1102230246251565e-16,2.220446049250313e-16
FIG3_CANONICAL_QSS_V2,72c2f02795c9120fd3fd7cf2ad8b371f0d5ccc32a8efacf6b2d0a8ca09cb384e,3.4132000000000002,R>0; left boundary is R_to_0_plus limit,1.0,0.7985378527853504,0.7734070515725552,0.7984455668241675,40,1.1102230246251565e-16,6.661338147750939e-16
FIG3_CANONICAL_QSS_V2,72c2f02795c9120fd3fd7cf2ad8b371f0d5ccc32a8efacf6b2d0a8ca09cb384e,3.43815,R>0; left boundary is R_to_0_plus limit,1.0,0.7996198098678025,0.7746808918130301,0.7995461245635596,40,0.0,1.1102230246251565e-16
FIG3_CANONICAL_QSS_V2,72c2f02795c9120fd3fd7cf2ad8b371f0d5ccc32a8efacf6b2d0a8ca09cb384e,3.4631,R>0; left boundary is R_to_0_plus limit,1.0,0.8006895502697136,0.7759404897940892,0.8006338994535931,40,0.0,5.551115123125783e-16
FIG3_CANONICAL_QSS_V2,72c2f02795c9120fd3fd7cf2ad8b371f0d5ccc32a8efacf6b2d0a8ca09cb384e,3.48805,R>0; left boundary is R_to_0_plus limit,1.0,0.801747288380759,0.777186083042747,0.8017091217843108,40,2.220446049250313e-16,9.992007221626409e-16
FIG3_CANONICAL_QSS_V2,72c2f02795c9120fd3fd7cf2ad8b371f0d5ccc32a8efacf6b2d0a8ca09cb384e,3.513,R>0; left boundary is R_to_0_plus limit,1.0,0.8027932334544552,0.7784179038333703,0.8027720162595494,40,1.1102230246251565e-16,2.220446049250313e-16
FIG3_CANONICAL_QSS_V2,72c2f02795c9120fd3fd7cf2ad8b371f0d5ccc32a8efacf6b2d0a8ca09cb384e,3.53795,R>0; left boundary is R_to_0_plus limit,1.0,0.8038275897641567,0.7796361793320772,0.8038228021653547,40,1.1102230246251565e-16,1.1102230246251565e-16
FIG3_CANONICAL_QSS_V2,72c2f02795c9120fd3fd7cf2ad8b371f0d5ccc32a8efacf6b2d0a8ca09cb384e,3.5629,R>0; left boundary is R_to_0_plus limit,1.0,0.8048505567533346,0.7808411317363957,0.8048616935323877,40,2.220446049250313e-16,3.3306690738754696e-16
FIG3_CANONICAL_QSS_V2,72c2f02795c9120fd3fd7cf2ad8b371f0d5ccc32a8efacf6b2d0a8ca09cb384e,3.58785,R>0; left boundary is R_to_0_plus limit,1.0,0.8058623291803739,0.7820329784103666,0.8058888992925732,40,2.220446049250313e-16,4.440892098500626e-16
FIG3_CANONICAL_QSS_V2,72c2f02795c9120fd3fd7cf2ad8b371f0d5ccc32a8efacf6b2d0a8ca09cb384e,3.6128,R>0; left boundary is R_to_0_plus limit,1.0,0.8068630972581237,0.7832119320152618,0.8069046234302222,40,0.0,5.551115123125783e-16
FIG3_CANONICAL_QSS_V2,72c2f02795c9120fd3fd7cf2ad8b371f0d5ccc32a8efacf6b2d0a8ca09cb384e,3.63775,R>0; left boundary is R_to_0_plus limit,1.0,0.8078530467884244,0.7843782006360842,0.807909065127853,40,1.1102230246251565e-16,3.3306690738754696e-16
FIG3_CANONICAL_QSS_V2,72c2f02795c9120fd3fd7cf2ad8b371f0d5ccc32a8efacf6b2d0a8ca09cb384e,3.6627,R>0; left boundary is R_to_0_plus limit,1.0,0.8088323592918258,0.7855319879040041,0.80890241890692,40,1.1102230246251565e-16,4.440892098500626e-16
FIG3_CANONICAL_QSS_V2,72c2f02795c9120fd3fd7cf2ad8b371f0d5ccc32a8efacf6b2d0a8ca09cb384e,3.68765,R>0; left boundary is R_to_0_plus limit,1.0,0.8098012121326907,0.7866734931148871,0.8098848747636587,40,1.1102230246251565e-16,1.1102230246251565e-16
FIG3_CANONICAL_QSS_V2,72c2f02795c9120fd3fd7cf2ad8b371f0d5ccc32a8efacf6b2d0a8ca09cb384e,3.7126,R>0; left boundary is R_to_0_plus limit,1.0,0.8107597786398784,0.7878029113440563,0.8108566183002384,40,3.3306690738754696e-16,0.0
FIG3_CANONICAL_QSS_V2,72c2f02795c9120fd3fd7cf2ad8b371f0d5ccc32a8efacf6b2d0a8ca09cb384e,3.73755,R>0; left boundary is R_to_0_plus limit,1.0,0.8117082282231922,0.7889204335574294,0.811817830851411,40,1.1102230246251565e-16,1.1102230246251565e-16
FIG3_CANONICAL_QSS_V2,72c2f02795c9120fd3fd7cf2ad8b371f0d5ccc32a8efacf6b2d0a8ca09cb384e,3.7625,R>0; left boundary is R_to_0_plus limit,1.0,0.8126467264857675,0.7900262467191601,0.812768689606829,40,1.1102230246251565e-16,2.220446049250313e-16
FIG3_CANONICAL_QSS_V2,72c2f02795c9120fd3fd7cf2ad8b371f0d5ccc32a8efacf6b2d0a8ca09cb384e,3.78745,R>0; left boundary is R_to_0_plus limit,1.0,0.8135754353325546,0.7911205338959154,0.8137093677292057,40,1.1102230246251565e-16,3.3306690738754696e-16
FIG3_CANONICAL_QSS_V2,72c2f02795c9120fd3fd7cf2ad8b371f0d5ccc32a8efacf6b2d0a8ca09cb384e,3.8124,R>0; left boundary is R_to_0_plus limit,1.0,0.8144945130750685,0.7922034743579086,0.8146400344684807,40,2.220446049250313e-16,3.3306690738754696e-16
FIG3_CANONICAL_QSS_V2,72c2f02795c9120fd3fd7cf2ad8b371f0d5ccc32a8efacf6b2d0a8ca09cb384e,3.83735,R>0; left boundary is R_to_0_plus limit,1.0,0.8154041145325466,0.7932752436768065,0.8155608552721435,40,2.220446049250313e-16,7.771561172376096e-16
FIG3_CANONICAL_QSS_V2,72c2f02795c9120fd3fd7cf2ad8b371f0d5ccc32a8efacf6b2d0a8ca09cb384e,3.8623,R>0; left boundary is R_to_0_plus limit,1.0,0.8163043911296661,0.7943360138206199,0.8164719918918634,40,0.0,1.1102230246251565e-15
FIG3_CANONICAL_QSS_V2,72c2f02795c9120fd3fd7cf2ad8b371f0d5ccc32a8efacf6b2d0a8ca09cb384e,3.88725,R>0; left boundary is R_to_0_plus limit,1.0,0.8171954909909465,0.7953859532456903,0.8173736024865688,40,0.0,3.3306690738754696e-16
FIG3_CANONICAL_QSS_V2,72c2f02795c9120fd3fd7cf2ad8b371f0d5ccc32a8efacf6b2d0a8ca09cb384e,3.9122,R>0; left boundary is R_to_0_plus limit,1.0,0.8180775590319822,0.7964252269858718,0.8182658417221137,40,0.0,8.881784197001252e-16
FIG3_CANONICAL_QSS_V2,72c2f02795c9120fd3fd7cf2ad8b371f0d5ccc32a8efacf6b2d0a8ca09cb384e,3.93715,R>0; left boundary is R_to_0_plus limit,1.0,0.8189507370476212,0.7974539967390093,0.8191488608676569,40,1.1102230246251565e-16,3.3306690738754696e-16
FIG3_CANONICAL_QSS_V2,72c2f02795c9120fd3fd7cf2ad8b371f0d5ccc32a8efacf6b2d0a8ca09cb384e,3.9621,R>0; left boundary is R_to_0_plus limit,1.0,0.8198151637972111,0.7984724209508072,0.8200228078888814,40,1.1102230246251565e-16,4.440892098500626e-16
FIG3_CANONICAL_QSS_V2,72c2f02795c9120fd3fd7cf2ad8b371f0d5ccc32a8efacf6b2d0a8ca09cb384e,3.98705,R>0; left boundary is R_to_0_plus limit,1.0,0.8206709750870265,0.7994806548961811,0.8208878275381714,40,1.1102230246251565e-16,3.3306690738754696e-16
FIG3_CANONICAL_QSS_V2,72c2f02795c9120fd3fd7cf2ad8b371f0d5ccc32a8efacf6b2d0a8ca09cb384e,4.012,R>0; left boundary is R_to_0_plus limit,1.0,0.8215183038499925,0.8004788507581804,0.8217440614418654,40,4.440892098500626e-16,4.440892098500626e-16
FIG3_CANONICAL_QSS_V2,72c2f02795c9120fd3fd7cf2ad8b371f0d5ccc32a8efacf6b2d0a8ca09cb384e,4.036949999999999,R>0; left boundary is R_to_0_plus limit,1.0,0.822357280222795,0.8014671577045632,0.8225916481846873,40,6.661338147750939e-16,1.1102230246251565e-15
FIG3_CANONICAL_QSS_V2,72c2f02795c9120fd3fd7cf2ad8b371f0d5ccc32a8efacf6b2d0a8ca09cb384e,4.0619,R>0; left boundary is R_to_0_plus limit,1.0,0.8231880316204943,0.8024457219621091,0.8234307233914663,40,4.440892098500626e-16,1.2212453270876722e-15
FIG3_CANONICAL_QSS_V2,72c2f02795c9120fd3fd7cf2ad8b371f0d5ccc32a8efacf6b2d0a8ca09cb384e,4.086849999999999,R>0; left boundary is R_to_0_plus limit,1.0,0.8240106828087246,0.8034146868887425,0.8242614198062433,40,3.3306690738754696e-16,2.220446049250313e-16
FIG3_CANONICAL_QSS_V2,72c2f02795c9120fd3fd7cf2ad8b371f0d5ccc32a8efacf6b2d0a8ca09cb384e,4.1118,R>0; left boundary is R_to_0_plus limit,1.0,0.8248253559735788,0.8043741930435463,0.825083867368862,40,2.220446049250313e-16,8.881784197001252e-16
FIG3_CANONICAL_QSS_V2,72c2f02795c9120fd3fd7cf2ad8b371f0d5ccc32a8efacf6b2d0a8ca09cb384e,4.136749999999999,R>0; left boundary is R_to_0_plus limit,1.0,0.8256321707892513,0.805324378254733,0.8258981932891318,40,6.661338147750939e-16,7.771561172376096e-16
FIG3_CANONICAL_QSS_V2,72c2f02795c9120fd3fd7cf2ad8b371f0d5ccc32a8efacf6b2d0a8ca09cb384e,4.1617,R>0; left boundary is R_to_0_plus limit,1.0,0.8264312444835471,0.8062653776856462,0.8267045221186593,40,2.220446049250313e-16,2.220446049250313e-16
FIG3_CANONICAL_QSS_V2,72c2f02795c9120fd3fd7cf2ad8b371f0d5ccc32a8efacf6b2d0a8ca09cb384e,4.186649999999999,R>0; left boundary is R_to_0_plus limit,1.0,0.8272226919013179,0.8071973238988557,0.8275029758204241,40,3.3306690738754696e-16,1.1102230246251565e-16
FIG3_CANONICAL_QSS_V2,72c2f02795c9120fd3fd7cf2ad8b371f0d5ccc32a8efacf6b2d0a8ca09cb384e,4.2116,R>0; left boundary is R_to_0_plus limit,1.0,0.8280066255659002,0.8081203469184127,0.8282936738361875,40,3.3306690738754696e-16,6.661338147750939e-16
FIG3_CANONICAL_QSS_V2,72c2f02795c9120fd3fd7cf2ad8b371f0d5ccc32a8efacf6b2d0a8ca09cb384e,4.236549999999999,R>0; left boundary is R_to_0_plus limit,1.0,0.8287831557386403,0.8090345742903247,0.8290767331518069,40,2.220446049250313e-16,0.0
FIG3_CANONICAL_QSS_V2,72c2f02795c9120fd3fd7cf2ad8b371f0d5ccc32a8efacf6b2d0a8ca09cb384e,4.2615,R>0; left boundary is R_to_0_plus limit,1.0,0.829552390476576,0.8099401311413095,0.8298522683605343,40,1.1102230246251565e-16,4.440892098500626e-16
FIG3_CANONICAL_QSS_V2,72c2f02795c9120fd3fd7cf2ad8b371f0d5ccc32a8efacf6b2d0a8ca09cb384e,4.286449999999999,R>0; left boundary is R_to_0_plus limit,1.0,0.830314435688329,0.810837140235886,0.8306203917243687,40,3.3306690738754696e-16,1.4432899320127035e-15
FIG3_CANONICAL_QSS_V2,72c2f02795c9120fd3fd7cf2ad8b371f0d5ccc32a8efacf6b2d0a8ca09cb384e,4.3114,R>0; left boundary is R_to_0_plus limit,1.0,0.8310693951882842,0.811725722031856,0.831381213233533,40,0.0,3.3306690738754696e-16
FIG3_CANONICAL_QSS_V2,72c2f02795c9120fd3fd7cf2ad8b371f0d5ccc32a8efacf6b2d0a8ca09cb384e,4.3363499999999995,R>0; left boundary is R_to_0_plus limit,1.0,0.8318173707491172,0.8126059947342285,0.8321348406641378,40,1.1102230246251565e-16,5.551115123125783e-16
FIG3_CANONICAL_QSS_V2,72c2f02795c9120fd3fd7cf2ad8b371f0d5ccc32a8efacf6b2d0a8ca09cb384e,4.3613,R>0; left boundary is R_to_0_plus limit,1.0,0.8325584621527207,0.8134780743476395,0.8328813796341026,40,1.1102230246251565e-16,0.0
FIG3_CANONICAL_QSS_V2,72c2f02795c9120fd3fd7cf2ad8b371f0d5ccc32a8efacf6b2d0a8ca09cb384e,4.3862499999999995,R>0; left boundary is R_to_0_plus limit,1.0,0.8332927672395996,0.8143420747273149,0.8336209336573881,40,1.1102230246251565e-16,2.220446049250313e-16
FIG3_CANONICAL_QSS_V2,72c2f02795c9120fd3fd7cf2ad8b371f0d5ccc32a8efacf6b2d0a8ca09cb384e,4.411199999999999,R>0; left boundary is R_to_0_plus limit,1.0,0.8340203819567726,0.8151981076286221,0.8343536041966017,40,2.220446049250313e-16,6.661338147750939e-16
FIG3_CANONICAL_QSS_V2,72c2f02795c9120fd3fd7cf2ad8b371f0d5ccc32a8efacf6b2d0a8ca09cb384e,4.43615,R>0; left boundary is R_to_0_plus limit,1.0,0.834741400404253,0.8160462827552588,0.8350794907140346,40,2.220446049250313e-16,4.440892098500626e-16
FIG3_CANONICAL_QSS_V2,72c2f02795c9120fd3fd7cf2ad8b371f0d5ccc32a8efacf6b2d0a8ca09cb384e,4.461099999999999,R>0; left boundary is R_to_0_plus limit,1.0,0.8354559148801379,0.8168867078061196,0.8357986907211798,40,4.440892098500626e-16,1.4432899320127035e-15
FIG3_CANONICAL_QSS_V2,72c2f02795c9120fd3fd7cf2ad8b371f0d5ccc32a8efacf6b2d0a8ca09cb384e,4.48605,R>0; left boundary is R_to_0_plus limit,1.0,0.8361640159243713,0.8177194885208848,0.8365112998267871,40,0.0,1.1102230246251565e-16
FIG3_CANONICAL_QSS_V2,72c2f02795c9120fd3fd7cf2ad8b371f0d5ccc32a8efacf6b2d0a8ca09cb384e,4.510999999999999,R>0; left boundary is R_to_0_plus limit,1.0,0.8368657923612135,0.8185447287243695,0.8372174117835023,40,0.0,8.881784197001252e-16
FIG3_CANONICAL_QSS_V2,72c2f02795c9120fd3fd7cf2ad8b371f0d5ccc32a8efacf6b2d0a8ca09cb384e,4.53595,R>0; left boundary is R_to_0_plus limit,1.0,0.8375613313404751,0.8193625303696745,0.8379171185331417,40,2.220446049250313e-16,0.0
FIG3_CANONICAL_QSS_V2,72c2f02795c9120fd3fd7cf2ad8b371f0d5ccc32a8efacf6b2d0a8ca09cb384e,4.560899999999999,R>0; left boundary is R_to_0_plus limit,1.0,0.8382507183775436,0.8201729935801758,0.8386105102506454,40,4.440892098500626e-16,6.661338147750939e-16
FIG3_CANONICAL_QSS_V2,72c2f02795c9120fd3fd7cf2ad8b371f0d5ccc32a8efacf6b2d0a8ca09cb384e,4.58585,R>0; left boundary is R_to_0_plus limit,1.0,0.8389340373922547,0.8209762166903873,0.839297675386755,40,2.220446049250313e-16,4.440892098500626e-16
FIG3_CANONICAL_QSS_V2,72c2f02795c9120fd3fd7cf2ad8b371f0d5ccc32a8efacf6b2d0a8ca09cb384e,4.610799999999999,R>0; left boundary is R_to_0_plus limit,1.0,0.8396113707466473,0.8217722962857347,0.8399787007094589,40,3.3306690738754696e-16,5.551115123125783e-16
FIG3_CANONICAL_QSS_V2,72c2f02795c9120fd3fd7cf2ad8b371f0d5ccc32a8efacf6b2d0a8ca09cb384e,4.63575,R>0; left boundary is R_to_0_plus limit,1.0,0.8402827992816229,0.8225613272412722,0.840653671344245,40,1.1102230246251565e-16,7.771561172376096e-16
FIG3_CANONICAL_QSS_V2,72c2f02795c9120fd3fd7cf2ad8b371f0d5ccc32a8efacf6b2d0a8ca09cb384e,4.660699999999999,R>0; left boundary is R_to_0_plus limit,1.0,0.8409484023525797,0.823343402759376,0.8413226708132032,40,3.3306690738754696e-16,2.220446049250313e-16
FIG3_CANONICAL_QSS_V2,72c2f02795c9120fd3fd7cf2ad8b371f0d5ccc32a8efacf6b2d0a8ca09cb384e,4.68565,R>0; left boundary is R_to_0_plus limit,1.0,0.8416082578640189,0.8241186144064443,0.8419857810730119,40,5.551115123125783e-16,6.661338147750939e-16
FIG3_CANONICAL_QSS_V2,72c2f02795c9120fd3fd7cf2ad8b371f0d5ccc32a8efacf6b2d0a8ca09cb384e,4.7105999999999995,R>0; left boundary is R_to_0_plus limit,1.0,0.8422624423031775,0.8248870521486359,0.8426430825518485,40,2.220446049250313e-16,3.3306690738754696e-16
FIG3_CANONICAL_QSS_V2,72c2f02795c9120fd3fd7cf2ad8b371f0d5ccc32a8efacf6b2d0a8ca09cb384e,4.73555,R>0; left boundary is R_to_0_plus limit,1.0,0.8429110307727297,0.8256488043866761,0.8432946541852582,40,1.1102230246251565e-16,0.0
FIG3_CANONICAL_QSS_V2,72c2f02795c9120fd3fd7cf2ad8b371f0d5ccc32a8efacf6b2d0a8ca09cb384e,4.7604999999999995,R>0; left boundary is R_to_0_plus limit,1.0,0.8435540970225532,0.8264039579897579,0.8439405734510136,40,0.0,2.220446049250313e-16
FIG3_CANONICAL_QSS_V2,72c2f02795c9120fd3fd7cf2ad8b371f0d5ccc32a8efacf6b2d0a8ca09cb384e,4.78545,R>0; left boundary is R_to_0_plus limit,1.0,0.8441917134806292,0.8271525983285656,0.8445809164030021,40,0.0,7.771561172376096e-16
FIG3_CANONICAL_QSS_V2,72c2f02795c9120fd3fd7cf2ad8b371f0d5ccc32a8efacf6b2d0a8ca09cb384e,4.8104,R>0; left boundary is R_to_0_plus limit,1.0,0.8448239512830802,0.8278948093074487,0.8452157577041662,40,3.3306690738754696e-16,3.3306690738754696e-16
FIG3_CANONICAL_QSS_V2,72c2f02795c9120fd3fd7cf2ad8b371f0d5ccc32a8efacf6b2d0a8ca09cb384e,4.835349999999999,R>0; left boundary is R_to_0_plus limit,1.0,0.8454508803033836,0.8286306733957689,0.8458451706585329,40,4.440892098500626e-16,1.9984014443252818e-15
FIG3_CANONICAL_QSS_V2,72c2f02795c9120fd3fd7cf2ad8b371f0d5ccc32a8efacf6b2d0a8ca09cb384e,4.8603,R>0; left boundary is R_to_0_plus limit,1.0,0.8460725691807776,0.8293602716584475,0.8464692272423603,40,0.0,9.992007221626409e-16
FIG3_CANONICAL_QSS_V2,72c2f02795c9120fd3fd7cf2ad8b371f0d5ccc32a8efacf6b2d0a8ca09cb384e,4.885249999999999,R>0; left boundary is R_to_0_plus limit,1.0,0.8466890853479079,0.8300836837857355,0.8470879981344259,40,1.1102230246251565e-16,3.3306690738754696e-16
FIG3_CANONICAL_QSS_V2,72c2f02795c9120fd3fd7cf2ad8b371f0d5ccc32a8efacf6b2d0a8ca09cb384e,4.9102,R>0; left boundary is R_to_0_plus limit,1.0,0.8473004950577083,0.8308009881222294,0.8477015527454894,40,1.1102230246251565e-16,3.3306690738754696e-16
FIG3_CANONICAL_QSS_V2,72c2f02795c9120fd3fd7cf2ad8b371f0d5ccc32a8efacf6b2d0a8ca09cb384e,4.935149999999999,R>0; left boundary is R_to_0_plus limit,1.0,0.8479068634095634,0.8315122616951551,0.8483099592469511,40,3.3306690738754696e-16,3.3306690738754696e-16
FIG3_CANONICAL_QSS_V2,72c2f02795c9120fd3fd7cf2ad8b371f0d5ccc32a8efacf6b2d0a8ca09cb384e,4.9601,R>0; left boundary is R_to_0_plus limit,1.0,0.8485082543747717,0.8322175802419423,0.8489132845987357,40,0.0,2.220446049250313e-16
FIG3_CANONICAL_QSS_V2,72c2f02795c9120fd3fd7cf2ad8b371f0d5ccc32a8efacf6b2d0a8ca09cb384e,4.985049999999999,R>0; left boundary is R_to_0_plus limit,1.0,0.849104730821316,0.8329170182371074,0.8495115945764228,40,4.440892098500626e-16,6.661338147750939e-16
FIG3_CANONICAL_QSS_V2,72c2f02795c9120fd3fd7cf2ad8b371f0d5ccc32a8efacf6b2d0a8ca09cb384e,5.01,R>0; left boundary is R_to_0_plus limit,1.0,0.8496963545379916,0.8336106489184693,0.8501049537976476,40,5.551115123125783e-16,0.0
FIG3_CANONICAL_QSS_V2,72c2f02795c9120fd3fd7cf2ad8b371f0d5ccc32a8efacf6b2d0a8ca09cb384e,5.034949999999999,R>0; left boundary is R_to_0_plus limit,1.0,0.850283186257875,0.8342985443127118,0.8506934257477979,40,0.0,5.551115123125783e-16
FIG3_CANONICAL_QSS_V2,72c2f02795c9120fd3fd7cf2ad8b371f0d5ccc32a8efacf6b2d0a8ca09cb384e,5.0599,R>0; left boundary is R_to_0_plus limit,1.0,0.8508652856811967,0.8349807752603178,0.8512770728050251,40,1.1102230246251565e-16,8.881784197001252e-16
FIG3_CANONICAL_QSS_V2,72c2f02795c9120fd3fd7cf2ad8b371f0d5ccc32a8efacf6b2d0a8ca09cb384e,5.084849999999999,R>0; left boundary is R_to_0_plus limit,1.0,0.8514427114975938,0.8356574114398876,0.8518559562645922,40,2.220446049250313e-16,3.3306690738754696e-16
FIG3_CANONICAL_QSS_V2,72c2f02795c9120fd3fd7cf2ad8b371f0d5ccc32a8efacf6b2d0a8ca09cb384e,5.1098,R>0; left boundary is R_to_0_plus limit,1.0,0.8520155214077931,0.8363285213918622,0.8524301363625799,40,0.0,6.661338147750939e-16
FIG3_CANONICAL_QSS_V2,72c2f02795c9120fd3fd7cf2ad8b371f0d5ccc32a8efacf6b2d0a8ca09cb384e,5.1347499999999995,R>0; left boundary is R_to_0_plus limit,1.0,0.8525837721447278,0.8369941725416683,0.85299967229897,40,4.440892098500626e-16,6.661338147750939e-16
FIG3_CANONICAL_QSS_V2,72c2f02795c9120fd3fd7cf2ad8b371f0d5ccc32a8efacf6b2d0a8ca09cb384e,5.1597,R>0; left boundary is R_to_0_plus limit,1.0,0.8531475194941089,0.8376544312222998,0.8535646222601232,40,3.3306690738754696e-16,0.0
FIG3_CANONICAL_QSS_V2,72c2f02795c9120fd3fd7cf2ad8b371f0d5ccc32a8efacf6b2d0a8ca09cb384e,5.1846499999999995,R>0; left boundary is R_to_0_plus limit,1.0,0.8537068183144587,0.838309362696353,0.8541250434406727,40,6.661338147750939e-16,7.771561172376096e-16
FIG3_CANONICAL_QSS_V2,72c2f02795c9120fd3fd7cf2ad8b371f0d5ccc32a8efacf6b2d0a8ca09cb384e,5.2096,R>0; left boundary is R_to_0_plus limit,1.0,0.8542617225566502,0.8389590311775316,0.8546809920648497,40,0.0,0.0
FIG3_CANONICAL_QSS_V2,72c2f02795c9120fd3fd7cf2ad8b371f0d5ccc32a8efacf6b2d0a8ca09cb384e,5.23455,R>0; left boundary is R_to_0_plus limit,1.0,0.8548122852829225,0.8396034998516332,0.8552325234072575,40,3.3306690738754696e-16,8.881784197001252e-16
FIG3_CANONICAL_QSS_V2,72c2f02795c9120fd3fd7cf2ad8b371f0d5ccc32a8efacf6b2d0a8ca09cb384e,5.259499999999999,R>0; left boundary is R_to_0_plus limit,1.0,0.8553585586854338,0.8402428308970364,0.8557796918131122,40,4.440892098500626e-16,1.3322676295501878e-15
FIG3_CANONICAL_QSS_V2,72c2f02795c9120fd3fd7cf2ad8b371f0d5ccc32a8efacf6b2d0a8ca09cb384e,5.28445,R>0; left boundary is R_to_0_plus limit,1.0,0.8559005941043365,0.8408770855046981,0.8563225507179635,40,6.661338147750939e-16,8.881784197001252e-16
FIG3_CANONICAL_QSS_V2,72c2f02795c9120fd3fd7cf2ad8b371f0d5ccc32a8efacf6b2d0a8ca09cb384e,5.309399999999999,R>0; left boundary is R_to_0_plus limit,1.0,0.8564384420453957,0.8415063238976764,0.8568611526669143,40,2.220446049250313e-16,3.3306690738754696e-16
FIG3_CANONICAL_QSS_V2,72c2f02795c9120fd3fd7cf2ad8b371f0d5ccc32a8efacf6b2d0a8ca09cb384e,5.33435,R>0; left boundary is R_to_0_plus limit,1.0,0.8569721521971756,0.8421306053501938,0.8573955493333519,40,2.220446049250313e-16,2.220446049250313e-16
FIG3_CANONICAL_QSS_V2,72c2f02795c9120fd3fd7cf2ad8b371f0d5ccc32a8efacf6b2d0a8ca09cb384e,5.359299999999999,R>0; left boundary is R_to_0_plus limit,1.0,0.8575017734477832,0.8427499882062491,0.8579257915372043,40,2.220446049250313e-16,8.881784197001252e-16
FIG3_CANONICAL_QSS_V2,72c2f02795c9120fd3fd7cf2ad8b371f0d5ccc32a8efacf6b2d0a8ca09cb384e,5.38425,R>0; left boundary is R_to_0_plus limit,1.0,0.8580273539012069,0.8433645298977953,0.8584519292627382,40,2.220446049250313e-16,1.1102230246251565e-15
FIG3_CANONICAL_QSS_V2,72c2f02795c9120fd3fd7cf2ad8b371f0d5ccc32a8efacf6b2d0a8ca09cb384e,5.409199999999999,R>0; left boundary is R_to_0_plus limit,1.0,0.8585489408932485,0.8439742869624914,0.8589740116759105,40,1.1102230246251565e-16,1.1102230246251565e-16
FIG3_CANONICAL_QSS_V2,72c2f02795c9120fd3fd7cf2ad8b371f0d5ccc32a8efacf6b2d0a8ca09cb384e,5.43415,R>0; left boundary is R_to_0_plus limit,1.0,0.8590665810070632,0.8445793150610414,0.859492087141286,40,2.220446049250313e-16,2.220446049250313e-16
FIG3_CANONICAL_QSS_V2,72c2f02795c9120fd3fd7cf2ad8b371f0d5ccc32a8efacf6b2d0a8ca09cb384e,5.459099999999999,R>0; left boundary is R_to_0_plus limit,1.0,0.8595803200883161,0.8451796689941323,0.8600062032385348,40,3.3306690738754696e-16,7.771561172376096e-16
FIG3_CANONICAL_QSS_V2,72c2f02795c9120fd3fd7cf2ad8b371f0d5ccc32a8efacf6b2d0a8ca09cb384e,5.48405,R>0; left boundary is R_to_0_plus limit,1.0,0.860090203259972,0.8457754027189797,0.8605164067785215,40,2.220446049250313e-16,6.661338147750939e-16
FIG3_CANONICAL_QSS_V2,72c2f02795c9120fd3fd7cf2ad8b371f0d5ccc32a8efacf6b2d0a8ca09cb384e,5.5089999999999995,R>0; left boundary is R_to_0_plus limit,1.0,0.8605962749367224,0.8463665693654939,0.8610227438189964,40,6.661338147750939e-16,3.3306690738754696e-16
FIG3_CANONICAL_QSS_V2,72c2f02795c9120fd3fd7cf2ad8b371f0d5ccc32a8efacf6b2d0a8ca09cb384e,5.53395,R>0; left boundary is R_to_0_plus limit,1.0,0.8610985788390737,0.8469532212520757,0.8615252596799035,40,4.440892098500626e-16,5.551115123125783e-16
FIG3_CANONICAL_QSS_V2,72c2f02795c9120fd3fd7cf2ad8b371f0d5ccc32a8efacf6b2d0a8ca09cb384e,5.5588999999999995,R>0; left boundary is R_to_0_plus limit,1.0,0.8615971580070756,0.8475354099010505,0.8620239989583115,40,0.0,4.440892098500626e-16
FIG3_CANONICAL_QSS_V2,72c2f02795c9120fd3fd7cf2ad8b371f0d5ccc32a8efacf6b2d0a8ca09cb384e,5.58385,R>0; left boundary is R_to_0_plus limit,1.0,0.8620920548137461,0.8481131860537527,0.8625190055429843,40,1.1102230246251565e-16,8.881784197001252e-16
FIG3_CANONICAL_QSS_V2,72c2f02795c9120fd3fd7cf2ad8b371f0d5ccc32a8efacf6b2d0a8ca09cb384e,5.6088,R>0; left boundary is R_to_0_plus limit,1.0,0.8625833109781533,0.8486865996852682,0.8630103226285943,40,7.771561172376096e-16,1.2212453270876722e-15
FIG3_CANONICAL_QSS_V2,72c2f02795c9120fd3fd7cf2ad8b371f0d5ccc32a8efacf6b2d0a8ca09cb384e,5.633749999999999,R>0; left boundary is R_to_0_plus limit,1.0,0.8630709675782047,0.849255700018843,0.8634979927295952,40,0.0,5.551115123125783e-16
FIG3_CANONICAL_QSS_V2,72c2f02795c9120fd3fd7cf2ad8b371f0d5ccc32a8efacf6b2d0a8ca09cb384e,5.6587,R>0; left boundary is R_to_0_plus limit,1.0,0.8635550650631139,0.8498205355399703,0.8639820576937602,40,1.1102230246251565e-16,3.3306690738754696e-16
FIG3_CANONICAL_QSS_V2,72c2f02795c9120fd3fd7cf2ad8b371f0d5ccc32a8efacf6b2d0a8ca09cb384e,5.683649999999999,R>0; left boundary is R_to_0_plus limit,1.0,0.8640356432655931,0.8503811540101591,0.8644625587153953,40,4.440892098500626e-16,5.551115123125783e-16
FIG3_CANONICAL_QSS_V2,72c2f02795c9120fd3fd7cf2ad8b371f0d5ccc32a8efacf6b2d0a8ca09cb384e,5.7086,R>0; left boundary is R_to_0_plus limit,1.0,0.8645127414137503,0.8509376024803983,0.8649395363482383,40,1.1102230246251565e-16,1.1102230246251565e-16
FIG3_CANONICAL_QSS_V2,72c2f02795c9120fd3fd7cf2ad8b371f0d5ccc32a8efacf6b2d0a8ca09cb384e,5.733549999999999,R>0; left boundary is R_to_0_plus limit,1.0,0.8649863981427028,0.8514899273043194,0.865413030518049,40,4.440892098500626e-16,1.1102230246251565e-15
FIG3_CANONICAL_QSS_V2,72c2f02795c9120fd3fd7cf2ad8b371f0d5ccc32a8efacf6b2d0a8ca09cb384e,5.7585,R>0; left boundary is R_to_0_plus limit,1.0,0.865456651505931,0.852038174151069,0.8658830805349045,40,7.771561172376096e-16,6.661338147750939e-16
FIG3_CANONICAL_QSS_V2,72c2f02795c9120fd3fd7cf2ad8b371f0d5ccc32a8efacf6b2d0a8ca09cb384e,5.783449999999999,R>0; left boundary is R_to_0_plus limit,1.0,0.8659235389863627,0.8525823880178964,0.8663497251052015,40,2.220446049250313e-16,4.440892098500626e-16
FIG3_CANONICAL_QSS_V2,72c2f02795c9120fd3fd7cf2ad8b371f0d5ccc32a8efacf6b2d0a8ca09cb384e,5.8084,R>0; left boundary is R_to_0_plus limit,1.0,0.8663870975072063,0.8531226132424652,0.8668130023433789,40,5.551115123125783e-16,1.1102230246251565e-16
FIG3_CANONICAL_QSS_V2,72c2f02795c9120fd3fd7cf2ad8b371f0d5ccc32a8efacf6b2d0a8ca09cb384e,5.833349999999999,R>0; left boundary is R_to_0_plus limit,1.0,0.8668473634425249,0.8536588935148939,0.8672729497833648,40,1.1102230246251565e-16,4.440892098500626e-16
FIG3_CANONICAL_QSS_V2,72c2f02795c9120fd3fd7cf2ad8b371f0d5ccc32a8efacf6b2d0a8ca09cb384e,5.8583,R>0; left boundary is R_to_0_plus limit,1.0,0.8673043726275829,0.8541912718895353,0.8677296043897571,40,4.440892098500626e-16,4.440892098500626e-16
FIG3_CANONICAL_QSS_V2,72c2f02795c9120fd3fd7cf2ad8b371f0d5ccc32a8efacf6b2d0a8ca09cb384e,5.883249999999999,R>0; left boundary is R_to_0_plus limit,1.0,0.8677581603689442,0.8547197907964987,0.868183002568746,40,1.1102230246251565e-16,5.551115123125783e-16
FIG3_CANONICAL_QSS_V2,72c2f02795c9120fd3fd7cf2ad8b371f0d5ccc32a8efacf6b2d0a8ca09cb384e,5.9082,R>0; left boundary is R_to_0_plus limit,1.0,0.868208761454345,0.8552444920529226,0.8686331801787807,40,1.1102230246251565e-16,6.661338147750939e-16
FIG3_CANONICAL_QSS_V2,72c2f02795c9120fd3fd7cf2ad8b371f0d5ccc32a8efacf6b2d0a8ca09cb384e,5.9331499999999995,R>0; left boundary is R_to_0_plus limit,1.0,0.8686562101623467,0.8557654168740039,0.8690801725409937,40,5.551115123125783e-16,7.771561172376096e-16
FIG3_CANONICAL_QSS_V2,72c2f02795c9120fd3fd7cf2ad8b371f0d5ccc32a8efacf6b2d0a8ca09cb384e,5.9581,R>0; left boundary is R_to_0_plus limit,1.0,0.86910054027177,0.8562826058837901,0.8695240144493851,40,6.661338147750939e-16,1.1102230246251565e-15
FIG3_CANONICAL_QSS_V2,72c2f02795c9120fd3fd7cf2ad8b371f0d5ccc32a8efacf6b2d0a8ca09cb384e,5.9830499999999995,R>0; left boundary is R_to_0_plus limit,1.0,0.8695417850709122,0.8567960991257402,0.8699647401807727,40,1.1102230246251565e-16,5.551115123125783e-16
FIG3_CANONICAL_QSS_V2,72c2f02795c9120fd3fd7cf2ad8b371f0d5ccc32a8efacf6b2d0a8ca09cb384e,6.007999999999999,R>0; left boundary is R_to_0_plus limit,1.0,0.8699799773665626,0.8573059360730594,0.8704023835045182,40,5.551115123125783e-16,4.440892098500626e-16
FIG3_CANONICAL_QSS_V2,72c2f02795c9120fd3fd7cf2ad8b371f0d5ccc32a8efacf6b2d0a8ca09cb384e,6.03295,R>0; left boundary is R_to_0_plus limit,1.0,0.8704151494928194,0.8578121556388144,0.8708369776920294,40,5.551115123125783e-16,5.551115123125783e-16
FIG3_CANONICAL_QSS_V2,72c2f02795c9120fd3fd7cf2ad8b371f0d5ccc32a8efacf6b2d0a8ca09cb384e,6.057899999999999,R>0; left boundary is R_to_0_plus limit,1.0,0.8708473333197082,0.8583147961858343,0.8712685555260521,40,4.440892098500626e-16,0.0
FIG3_CANONICAL_QSS_V2,72c2f02795c9120fd3fd7cf2ad8b371f0d5ccc32a8efacf6b2d0a8ca09cb384e,6.08285,R>0; left boundary is R_to_0_plus limit,1.0,0.8712765602616095,0.8588138955364013,0.8716971493097492,40,2.220446049250313e-16,1.1102230246251565e-16
FIG3_CANONICAL_QSS_V2,72c2f02795c9120fd3fd7cf2ad8b371f0d5ccc32a8efacf6b2d0a8ca09cb384e,6.107799999999999,R>0; left boundary is R_to_0_plus limit,1.0,0.8717028612855042,0.8593094909817384,0.8721227908755779,40,3.3306690738754696e-16,9.992007221626409e-16
FIG3_CANONICAL_QSS_V2,72c2f02795c9120fd3fd7cf2ad8b371f0d5ccc32a8efacf6b2d0a8ca09cb384e,6.13275,R>0; left boundary is R_to_0_plus limit,1.0,0.8721262669190315,0.8598016192912972,0.8725455115939694,40,0.0,5.551115123125783e-16
FIG3_CANONICAL_QSS_V2,72c2f02795c9120fd3fd7cf2ad8b371f0d5ccc32a8efacf6b2d0a8ca09cb384e,6.157699999999999,R>0; left boundary is R_to_0_plus limit,1.0,0.8725468072583826,0.860290316721852,0.8729653423818136,40,4.440892098500626e-16,5.551115123125783e-16
FIG3_CANONICAL_QSS_V2,72c2f02795c9120fd3fd7cf2ad8b371f0d5ccc32a8efacf6b2d0a8ca09cb384e,6.18265,R>0; left boundary is R_to_0_plus limit,1.0,0.8729645119760088,0.8607756190264039,0.8733823137107578,40,2.220446049250313e-16,1.2212453270876722e-15
FIG3_CANONICAL_QSS_V2,72c2f02795c9120fd3fd7cf2ad8b371f0d5ccc32a8efacf6b2d0a8ca09cb384e,6.207599999999999,R>0; left boundary is R_to_0_plus limit,1.0,0.8733794103281758,0.8612575614629002,0.8737964556153206,40,1.1102230246251565e-16,7.771561172376096e-16
FIG3_CANONICAL_QSS_V2,72c2f02795c9120fd3fd7cf2ad8b371f0d5ccc32a8efacf6b2d0a8ca09cb384e,6.23255,R>0; left boundary is R_to_0_plus limit,1.0,0.873791531162345,0.8617361788027735,0.8742077977008287,40,4.440892098500626e-16,4.440892098500626e-16
FIG3_CANONICAL_QSS_V2,72c2f02795c9120fd3fd7cf2ad8b371f0d5ccc32a8efacf6b2d0a8ca09cb384e,6.257499999999999,R>0; left boundary is R_to_0_plus limit,1.0,0.8742009029244038,0.8622115053393041,0.8746163691511787,40,1.1102230246251565e-16,8.881784197001252e-16
FIG3_CANONICAL_QSS_V2,72c2f02795c9120fd3fd7cf2ad8b371f0d5ccc32a8efacf6b2d0a8ca09cb384e,6.28245,R>0; left boundary is R_to_0_plus limit,1.0,0.874607553665733,0.8626835748958112,0.8750221987364303,40,2.220446049250313e-16,3.3306690738754696e-16
FIG3_CANONICAL_QSS_V2,72c2f02795c9120fd3fd7cf2ad8b371f0d5ccc32a8efacf6b2d0a8ca09cb384e,6.3073999999999995,R>0; left boundary is R_to_0_plus limit,1.0,0.8750115110501326,0.8631524208336755,0.8754253148202336,40,3.3306690738754696e-16,1.1102230246251565e-15
FIG3_CANONICAL_QSS_V2,72c2f02795c9120fd3fd7cf2ad8b371f0d5ccc32a8efacf6b2d0a8ca09cb384e,6.33235,R>0; left boundary is R_to_0_plus limit,1.0,0.8754128023605912,0.863618076060199,0.8758257453670961,40,6.661338147750939e-16,3.3306690738754696e-16
FIG3_CANONICAL_QSS_V2,72c2f02795c9120fd3fd7cf2ad8b371f0d5ccc32a8efacf6b2d0a8ca09cb384e,6.3572999999999995,R>0; left boundary is R_to_0_plus limit,1.0,0.875811454505925,0.864080573036304,0.8762235179494934,40,2.220446049250313e-16,4.440892098500626e-16
FIG3_CANONICAL_QSS_V2,72c2f02795c9120fd3fd7cf2ad8b371f0d5ccc32a8efacf6b2d0a8ca09cb384e,6.38225,R>0; left boundary is R_to_0_plus limit,1.0,0.8762074940272573,0.8645399437840767,0.8766186597548251,40,1.1102230246251565e-16,5.551115123125783e-16
FIG3_CANONICAL_QSS_V2,72c2f02795c9120fd3fd7cf2ad8b371f0d5ccc32a8efacf6b2d0a8ca09cb384e,6.4072,R>0; left boundary is R_to_0_plus limit,1.0,0.8766009471043832,0.864996219894157,0.8770111975922235,40,2.220446049250313e-16,1.1102230246251565e-16
FIG3_CANONICAL_QSS_V2,72c2f02795c9120fd3fd7cf2ad8b371f0d5ccc32a8efacf6b2d0a8ca09cb384e,6.432149999999999,R>0; left boundary is R_to_0_plus limit,1.0,0.8769918395619856,0.8654494325329817,0.877401157899216,40,4.440892098500626e-16,3.3306690738754696e-16
FIG3_CANONICAL_QSS_V2,72c2f02795c9120fd3fd7cf2ad8b371f0d5ccc32a8efacf6b2d0a8ca09cb384e,6.4571,R>0; left boundary is R_to_0_plus limit,1.0,0.8773801968757322,0.86589961244988,0.8777885667482466,40,2.220446049250313e-16,7.771561172376096e-16
FIG3_CANONICAL_QSS_V2,72c2f02795c9120fd3fd7cf2ad8b371f0d5ccc32a8efacf6b2d0a8ca09cb384e,6.482049999999999,R>0; left boundary is R_to_0_plus limit,1.0,0.8777660441782338,0.8663467899840285,0.8781734498530581,40,4.440892098500626e-16,7.771561172376096e-16
FIG3_CANONICAL_QSS_V2,72c2f02795c9120fd3fd7cf2ad8b371f0d5ccc32a8efacf6b2d0a8ca09cb384e,6.507,R>0; left boundary is R_to_0_plus limit,1.0,0.8781494062648925,0.8667909950712668,0.8785558325749404,40,5.551115123125783e-16,8.881784197001252e-16
FIG3_CANONICAL_QSS_V2,72c2f02795c9120fd3fd7cf2ad8b371f0d5ccc32a8efacf6b2d0a8ca09cb384e,6.531949999999999,R>0; left boundary is R_to_0_plus limit,1.0,0.8785303075996209,0.8672322572507783,0.8789357399288471,40,2.220446049250313e-16,5.551115123125783e-16
FIG3_CANONICAL_QSS_V2,72c2f02795c9120fd3fd7cf2ad8b371f0d5ccc32a8efacf6b2d0a8ca09cb384e,6.5569,R>0; left boundary is R_to_0_plus limit,1.0,0.8789087723204476,0.8676706056716378,0.8793131965893835,40,2.220446049250313e-16,1.1102230246251565e-16
FIG3_CANONICAL_QSS_V2,72c2f02795c9120fd3fd7cf2ad8b371f0d5ccc32a8efacf6b2d0a8ca09cb384e,6.581849999999999,R>0; left boundary is R_to_0_plus limit,1.0,0.8792848242450031,0.8681060690992304,0.879688226896671,40,6.661338147750939e-16,3.3306690738754696e-16
FIG3_CANONICAL_QSS_V2,72c2f02795c9120fd3fd7cf2ad8b371f0d5ccc32a8efacf6b2d0a8ca09cb384e,6.6068,R>0; left boundary is R_to_0_plus limit,1.0,0.8796584868759041,0.8685386759215439,0.8800608548620871,40,0.0,0.0
FIG3_CANONICAL_QSS_V2,72c2f02795c9120fd3fd7cf2ad8b371f0d5ccc32a8efacf6b2d0a8ca09cb384e,6.631749999999999,R>0; left boundary is R_to_0_plus limit,1.0,0.8800297834060116,0.8689684541553379,0.880431104173888,40,2.220446049250313e-16,9.992007221626409e-16
FIG3_CANONICAL_QSS_V2,72c2f02795c9120fd3fd7cf2ad8b371f0d5ccc32a8efacf6b2d0a8ca09cb384e,6.6567,R>0; left boundary is R_to_0_plus limit,1.0,0.8803987367236017,0.8693954314521922,0.8807989982027156,40,2.220446049250313e-16,1.3322676295501878e-15
FIG3_CANONICAL_QSS_V2,72c2f02795c9120fd3fd7cf2ad8b371f0d5ccc32a8efacf6b2d0a8ca09cb384e,6.681649999999999,R>0; left boundary is R_to_0_plus limit,1.0,0.8807653694174187,0.8698196351044372,0.8811645600069886,40,1.1102230246251565e-16,0.0
FIG3_CANONICAL_QSS_V2,72c2f02795c9120fd3fd7cf2ad8b371f0d5ccc32a8efacf6b2d0a8ca09cb384e,6.7066,R>0; left boundary is R_to_0_plus limit,1.0,0.8811297037816308,0.8702410920509693,0.8815278123381859,40,3.3306690738754696e-16,7.771561172376096e-16
FIG3_CANONICAL_QSS_V2,72c2f02795c9120fd3fd7cf2ad8b371f0d5ccc32a8efacf6b2d0a8ca09cb384e,6.7315499999999995,R>0; left boundary is R_to_0_plus limit,1.0,0.881491761820687,0.8706598288829536,0.8818887776460202,40,3.3306690738754696e-16,1.1102230246251565e-16
FIG3_CANONICAL_QSS_V2,72c2f02795c9120fd3fd7cf2ad8b371f0d5ccc32a8efacf6b2d0a8ca09cb384e,6.7565,R>0; left boundary is R_to_0_plus limit,1.0,0.8818515652540801,0.8710758718494166,0.882247478083507,40,3.3306690738754696e-16,1.4432899320127035e-15
FIG3_CANONICAL_QSS_V2,72c2f02795c9120fd3fd7cf2ad8b371f0d5ccc32a8efacf6b2d0a8ca09cb384e,6.7814499999999995,R>0; left boundary is R_to_0_plus limit,1.0,0.8822091355210047,0.8714892468627312,0.8826039355119295,40,4.440892098500626e-16,1.2212453270876722e-15
FIG3_CANONICAL_QSS_V2,72c2f02795c9120fd3fd7cf2ad8b371f0d5ccc32a8efacf6b2d0a8ca09cb384e,6.8064,R>0; left boundary is R_to_0_plus limit,1.0,0.8825644937849351,0.8718999795039967,0.8829581715057051,40,1.1102230246251565e-16,8.881784197001252e-16
FIG3_CANONICAL_QSS_V2,72c2f02795c9120fd3fd7cf2ad8b371f0d5ccc32a8efacf6b2d0a8ca09cb384e,6.83135,R>0; left boundary is R_to_0_plus limit,1.0,0.8829176609381069,0.8723080950283156,0.883310207357152,40,2.220446049250313e-16,5.551115123125783e-16
FIG3_CANONICAL_QSS_V2,72c2f02795c9120fd3fd7cf2ad8b371f0d5ccc32a8efacf6b2d0a8ca09cb384e,6.856299999999999,R>0; left boundary is R_to_0_plus limit,1.0,0.8832686576059103,0.8727136183699706,0.8836600640811614,40,1.1102230246251565e-16,9.992007221626409e-16
FIG3_CANONICAL_QSS_V2,72c2f02795c9120fd3fd7cf2ad8b371f0d5ccc32a8efacf6b2d0a8ca09cb384e,6.88125,R>0; left boundary is R_to_0_plus limit,1.0,0.8836175041511964,0.873116574147502,0.8840077624197743,40,3.3306690738754696e-16,1.2212453270876722e-15
FIG3_CANONICAL_QSS_V2,72c2f02795c9120fd3fd7cf2ad8b371f0d5ccc32a8efacf6b2d0a8ca09cb384e,6.906199999999999,R>0; left boundary is R_to_0_plus limit,1.0,0.8839642206785028,0.8735169866686904,0.8843533228466691,40,0.0,1.1102230246251565e-15
FIG3_CANONICAL_QSS_V2,72c2f02795c9120fd3fd7cf2ad8b371f0d5ccc32a8efacf6b2d0a8ca09cb384e,6.93115,R>0; left boundary is R_to_0_plus limit,1.0,0.884308827038196,0.8739148799354444,0.8846967655715597,40,1.1102230246251565e-16,1.1102230246251565e-15
FIG3_CANONICAL_QSS_V2,72c2f02795c9120fd3fd7cf2ad8b371f0d5ccc32a8efacf6b2d0a8ca09cb384e,6.956099999999999,R>0; left boundary is R_to_0_plus limit,1.0,0.88465134283053,0.8743102776485967,0.8850381105445043,40,3.3306690738754696e-16,2.220446049250313e-15
FIG3_CANONICAL_QSS_V2,72c2f02795c9120fd3fd7cf2ad8b371f0d5ccc32a8efacf6b2d0a8ca09cb384e,6.98105,R>0; left boundary is R_to_0_plus limit,1.0,0.8849917874096302,0.8747032032126099,0.8853773774601318,40,2.220446049250313e-16,3.3306690738754696e-16
FIG3_CANONICAL_QSS_V2,72c2f02795c9120fd3fd7cf2ad8b371f0d5ccc32a8efacf6b2d0a8ca09cb384e,7.005999999999999,R>0; left boundary is R_to_0_plus limit,1.0,0.8853301798873998,0.8750936797401947,0.8857145857617839,40,4.440892098500626e-16,5.551115123125783e-16
FIG3_CANONICAL_QSS_V2,72c2f02795c9120fd3fd7cf2ad8b371f0d5ccc32a8efacf6b2d0a8ca09cb384e,7.03095,R>0; left boundary is R_to_0_plus limit,1.0,0.8856665391373486,0.8754817300568425,0.8860497546455756,40,1.1102230246251565e-16,1.2212453270876722e-15
FIG3_CANONICAL_QSS_V2,72c2f02795c9120fd3fd7cf2ad8b371f0d5ccc32a8efacf6b2d0a8ca09cb384e,7.055899999999999,R>0; left boundary is R_to_0_plus limit,1.0,0.8860008837983537,0.8758673767052719,0.8863829030643775,40,3.3306690738754696e-16,1.9984014443252818e-15
FIG3_CANONICAL_QSS_V2,72c2f02795c9120fd3fd7cf2ad8b371f0d5ccc32a8efacf6b2d0a8ca09cb384e,7.08085,R>0; left boundary is R_to_0_plus limit,1.0,0.8863332322783437,0.8762506419497949,0.8867140497317183,40,2.220446049250313e-16,6.661338147750939e-16
FIG3_CANONICAL_QSS_V2,72c2f02795c9120fd3fd7cf2ad8b371f0d5ccc32a8efacf6b2d0a8ca09cb384e,7.1057999999999995,R>0; left boundary is R_to_0_plus limit,1.0,0.8866636027579116,0.8766315477806016,0.8870432131256154,40,3.3306690738754696e-16,9.992007221626409e-16
FIG3_CANONICAL_QSS_V2,72c2f02795c9120fd3fd7cf2ad8b371f0d5ccc32a8efacf6b2d0a8ca09cb384e,7.13075,R>0; left boundary is R_to_0_plus limit,1.0,0.8869920131938667,0.8770101159179658,0.8873704114923273,40,0.0,1.4432899320127035e-15
FIG3_CANONICAL_QSS_V2,72c2f02795c9120fd3fd7cf2ad8b371f0d5ccc32a8efacf6b2d0a8ca09cb384e,7.1556999999999995,R>0; left boundary is R_to_0_plus limit,1.0,0.8873184813227137,0.8773863678163738,0.8876956628500355,40,1.1102230246251565e-16,6.661338147750939e-16
FIG3_CANONICAL_QSS_V2,72c2f02795c9120fd3fd7cf2ad8b371f0d5ccc32a8efacf6b2d0a8ca09cb384e,7.18065,R>0; left boundary is R_to_0_plus limit,1.0,0.8876430246640652,0.8777603246685777,0.8880189849924575,40,5.551115123125783e-16,2.220446049250313e-16
FIG3_CANONICAL_QSS_V2,72c2f02795c9120fd3fd7cf2ad8b371f0d5ccc32a8efacf6b2d0a8ca09cb384e,7.2056,R>0; left boundary is R_to_0_plus limit,1.0,0.8879656605239958,0.8781320074095739,0.8883403954923857,40,3.3306690738754696e-16,2.220446049250313e-16
FIG3_CANONICAL_QSS_V2,72c2f02795c9120fd3fd7cf2ad8b371f0d5ccc32a8efacf6b2d0a8ca09cb384e,7.230549999999999,R>0; left boundary is R_to_0_plus limit,1.0,0.8882864059983273,0.8785014367205107,0.8886599117051649,40,0.0,8.881784197001252e-16
FIG3_CANONICAL_QSS_V2,72c2f02795c9120fd3fd7cf2ad8b371f0d5ccc32a8efacf6b2d0a8ca09cb384e,7.2555,R>0; left boundary is R_to_0_plus limit,1.0,0.8886052779758566,0.8788686330325237,0.8889775507720981,40,2.220446049250313e-16,2.55351295663786e-15
FIG3_CANONICAL_QSS_V2,72c2f02795c9120fd3fd7cf2ad8b371f0d5ccc32a8efacf6b2d0a8ca09cb384e,7.280449999999999,R>0; left boundary is R_to_0_plus limit,1.0,0.8889222931415235,0.8792336165305027,0.8892933296237914,40,3.3306690738754696e-16,0.0
FIG3_CANONICAL_QSS_V2,72c2f02795c9120fd3fd7cf2ad8b371f0d5ccc32a8efacf6b2d0a8ca09cb384e,7.3054,R>0; left boundary is R_to_0_plus limit,1.0,0.889237467979517,0.8795964071567897,0.8896072649834339,40,1.1102230246251565e-16,1.4432899320127035e-15
FIG3_CANONICAL_QSS_V2,72c2f02795c9120fd3fd7cf2ad8b371f0d5ccc32a8efacf6b2d0a8ca09cb384e,7.330349999999999,R>0; left boundary is R_to_0_plus limit,1.0,0.889550818776331,0.8799570246148121,0.8899193733700171,40,7.771561172376096e-16,4.440892098500626e-16
FIG3_CANONICAL_QSS_V2,72c2f02795c9120fd3fd7cf2ad8b371f0d5ccc32a8efacf6b2d0a8ca09cb384e,7.3553,R>0; left boundary is R_to_0_plus limit,1.0,0.8898623616237504,0.8803154883726497,0.8902296711014926,40,1.1102230246251565e-16,1.887379141862766e-15
FIG3_CANONICAL_QSS_V2,72c2f02795c9120fd3fd7cf2ad8b371f0d5ccc32a8efacf6b2d0a8ca09cb384e,7.380249999999999,R>0; left boundary is R_to_0_plus limit,1.0,0.8901721124218032,0.8806718176665372,0.8905381742978709,40,5.551115123125783e-16,2.7755575615628914e-15
FIG3_CANONICAL_QSS_V2,72c2f02795c9120fd3fd7cf2ad8b371f0d5ccc32a8efacf6b2d0a8ca09cb384e,7.4052,R>0; left boundary is R_to_0_plus limit,1.0,0.8904800868816327,0.8810260315043068,0.8908448988842633,40,5.551115123125783e-16,4.440892098500626e-16
FIG3_CANONICAL_QSS_V2,72c2f02795c9120fd3fd7cf2ad8b371f0d5ccc32a8efacf6b2d0a8ca09cb384e,7.430149999999999,R>0; left boundary is R_to_0_plus limit,1.0,0.8907863005283465,0.8813781486687663,0.8911498605938668,40,1.1102230246251565e-16,5.218048215738236e-15
FIG3_CANONICAL_QSS_V2,72c2f02795c9120fd3fd7cf2ad8b371f0d5ccc32a8efacf6b2d0a8ca09cb384e,7.4551,R>0; left boundary is R_to_0_plus limit,1.0,0.8910907687037835,0.8817281877210205,0.8914530749708929,40,4.440892098500626e-16,9.992007221626409e-16
FIG3_CANONICAL_QSS_V2,72c2f02795c9120fd3fd7cf2ad8b371f0d5ccc32a8efacf6b2d0a8ca09cb384e,7.480049999999999,R>0; left boundary is R_to_0_plus limit,1.0,0.8913935065692584,0.8820761670037324,0.8917545573734439,40,6.661338147750939e-16,3.3306690738754696e-16
FIG3_CANONICAL_QSS_V2,72c2f02795c9120fd3fd7cf2ad8b371f0d5ccc32a8efacf6b2d0a8ca09cb384e,7.505,R>0; left boundary is R_to_0_plus limit,1.0,0.8916945291082383,0.8824221046443269,0.8920543229763341,40,1.1102230246251565e-16,1.1102230246251565e-15
FIG3_CANONICAL_QSS_V2,72c2f02795c9120fd3fd7cf2ad8b371f0d5ccc32a8efacf6b2d0a8ca09cb384e,7.5299499999999995,R>0; left boundary is R_to_0_plus limit,1.0,0.8919938511289756,0.8827660185581393,0.8923523867738623,40,0.0,4.440892098500626e-16
FIG3_CANONICAL_QSS_V2,72c2f02795c9120fd3fd7cf2ad8b371f0d5ccc32a8efacf6b2d0a8ca09cb384e,7.5549,R>0; left boundary is R_to_0_plus limit,1.0,0.8922914872671006,0.8831079264515074,0.8926487635825301,40,1.1102230246251565e-16,3.6637359812630166e-15
FIG3_CANONICAL_QSS_V2,72c2f02795c9120fd3fd7cf2ad8b371f0d5ccc32a8efacf6b2d0a8ca09cb384e,7.5798499999999995,R>0; left boundary is R_to_0_plus limit,1.0,0.8925874519881596,0.8834478458248104,0.8929434680437126,40,3.3306690738754696e-16,2.220446049250313e-16
FIG3_CANONICAL_QSS_V2,72c2f02795c9120fd3fd7cf2ad8b371f0d5ccc32a8efacf6b2d0a8ca09cb384e,7.604799999999999,R>0; left boundary is R_to_0_plus limit,1.0,0.8928817595901091,0.8837857939754555,0.8932365146262812,40,2.220446049250313e-16,2.9976021664879227e-15
FIG3_CANONICAL_QSS_V2,72c2f02795c9120fd3fd7cf2ad8b371f0d5ccc32a8efacf6b2d0a8ca09cb384e,7.62975,R>0; left boundary is R_to_0_plus limit,1.0,0.8931744242057702,0.8841217880008111,0.8935279176291768,40,1.1102230246251565e-16,7.771561172376096e-16
FIG3_CANONICAL_QSS_V2,72c2f02795c9120fd3fd7cf2ad8b371f0d5ccc32a8efacf6b2d0a8ca09cb384e,7.654699999999999,R>0; left boundary is R_to_0_plus limit,1.0,0.8934654598052374,0.8844558448010909,0.8938176911839384,40,4.440892098500626e-16,3.9968028886505635e-15
FIG3_CANONICAL_QSS_V2,72c2f02795c9120fd3fd7cf2ad8b371f0d5ccc32a8efacf6b2d0a8ca09cb384e,7.67965,R>0; left boundary is R_to_0_plus limit,1.0,0.8937548801982382,0.8847879810821866,0.8941058492571845,40,3.3306690738754696e-16,2.4424906541753444e-15
FIG3_CANONICAL_QSS_V2,72c2f02795c9120fd3fd7cf2ad8b371f0d5ccc32a8efacf6b2d0a8ca09cb384e,7.704599999999999,R>0; left boundary is R_to_0_plus limit,1.0,0.8940426990364667,0.8851182133584541,0.8943924056530522,40,2.220446049250313e-16,2.9976021664879227e-15
FIG3_CANONICAL_QSS_V2,72c2f02795c9120fd3fd7cf2ad8b371f0d5ccc32a8efacf6b2d0a8ca09cb384e,7.72955,R>0; left boundary is R_to_0_plus limit,1.0,0.8943289298158588,0.8854465579554501,0.8946773740155909,40,6.661338147750939e-16,2.3314683517128287e-15
FIG3_CANONICAL_QSS_V2,72c2f02795c9120fd3fd7cf2ad8b371f0d5ccc32a8efacf6b2d0a8ca09cb384e,7.754499999999999,R>0; left boundary is R_to_0_plus limit,1.0,0.8946135858788358,0.885773031012622,0.8949607678311126,40,3.3306690738754696e-16,1.9984014443252818e-15
FIG3_CANONICAL_QSS_V2,72c2f02795c9120fd3fd7cf2ad8b371f0d5ccc32a8efacf6b2d0a8ca09cb384e,7.77945,R>0; left boundary is R_to_0_plus limit,1.0,0.8948966804165179,0.8860976484859528,0.8952426004305034,40,2.220446049250313e-16,9.992007221626409e-16
FIG3_CANONICAL_QSS_V2,72c2f02795c9120fd3fd7cf2ad8b371f0d5ccc32a8efacf6b2d0a8ca09cb384e,7.804399999999999,R>0; left boundary is R_to_0_plus limit,1.0,0.8951782264708799,0.886420426150561,0.895522884991491,40,4.440892098500626e-16,6.661338147750939e-16
FIG3_CANONICAL_QSS_V2,72c2f02795c9120fd3fd7cf2ad8b371f0d5ccc32a8efacf6b2d0a8ca09cb384e,7.82935,R>0; left boundary is R_to_0_plus limit,1.0,0.8954582369368822,0.886741379603255,0.8958016345408737,40,0.0,1.1102230246251565e-15
FIG3_CANONICAL_QSS_V2,72c2f02795c9120fd3fd7cf2ad8b371f0d5ccc32a8efacf6b2d0a8ca09cb384e,7.854299999999999,R>0; left boundary is R_to_0_plus limit,1.0,0.8957367245645678,0.8870605242650464,0.8960788619567098,40,1.1102230246251565e-16,1.3322676295501878e-15
FIG3_CANONICAL_QSS_V2,72c2f02795c9120fd3fd7cf2ad8b371f0d5ccc32a8efacf6b2d0a8ca09cb384e,7.87925,R>0; left boundary is R_to_0_plus limit,1.0,0.8960137019611132,0.8873778753836192,0.8963545799704687,40,5.551115123125783e-16,9.992007221626409e-16
FIG3_CANONICAL_QSS_V2,72c2f02795c9120fd3fd7cf2ad8b371f0d5ccc32a8efacf6b2d0a8ca09cb384e,7.9041999999999994,R>0; left boundary is R_to_0_plus limit,1.0,0.8962891815928478,0.8876934480357584,0.8966288011691437,40,0.0,3.3306690738754696e-16
FIG3_CANONICAL_QSS_V2,72c2f02795c9120fd3fd7cf2ad8b371f0d5ccc32a8efacf6b2d0a8ca09cb384e,7.92915,R>0; left boundary is R_to_0_plus limit,1.0,0.8965631757872456,0.8880072571297379,0.896901537997329,40,1.1102230246251565e-16,9.992007221626409e-16
FIG3_CANONICAL_QSS_V2,72c2f02795c9120fd3fd7cf2ad8b371f0d5ccc32a8efacf6b2d0a8ca09cb384e,7.9540999999999995,R>0; left boundary is R_to_0_plus limit,1.0,0.8968356967348727,0.8883193174076679,0.8971728027592598,40,1.1102230246251565e-16,6.661338147750939e-16
FIG3_CANONICAL_QSS_V2,72c2f02795c9120fd3fd7cf2ad8b371f0d5ccc32a8efacf6b2d0a8ca09cb384e,7.97905,R>0; left boundary is R_to_0_plus limit,1.0,0.8971067564913078,0.8886296434478034,0.897442607620817,40,0.0,1.1102230246251565e-16
FIG3_CANONICAL_QSS_V2,72c2f02795c9120fd3fd7cf2ad8b371f0d5ccc32a8efacf6b2d0a8ca09cb384e,8.004,R>0; left boundary is R_to_0_plus limit,1.0,0.8973763669790271,0.8889382496668148,0.8977109646114978,40,4.440892098500626e-16,0.0
FIG3_CANONICAL_QSS_V2,72c2f02795c9120fd3fd7cf2ad8b371f0d5ccc32a8efacf6b2d0a8ca09cb384e,8.02895,R>0; left boundary is R_to_0_plus limit,1.0,0.8976445399892627,0.8892451503220197,0.8979778856263507,40,5.551115123125783e-16,6.661338147750939e-16
FIG3_CANONICAL_QSS_V2,72c2f02795c9120fd3fd7cf2ad8b371f0d5ccc32a8efacf6b2d0a8ca09cb384e,8.053899999999999,R>0; left boundary is R_to_0_plus limit,1.0,0.8979112871838222,0.8895503595135797,0.8982433824278808,40,2.220446049250313e-16,1.3322676295501878e-15
FIG3_CANONICAL_QSS_V2,72c2f02795c9120fd3fd7cf2ad8b371f0d5ccc32a8efacf6b2d0a8ca09cb384e,8.07885,R>0; left boundary is R_to_0_plus limit,1.0,0.8981766200968799,0.8898538911866591,0.8985074666479183,40,1.1102230246251565e-16,1.3322676295501878e-15
FIG3_CANONICAL_QSS_V2,72c2f02795c9120fd3fd7cf2ad8b371f0d5ccc32a8efacf6b2d0a8ca09cb384e,8.1038,R>0; left boundary is R_to_0_plus limit,1.0,0.8984405501367467,0.8901557591335486,0.8987701497894574,40,4.440892098500626e-16,2.220446049250313e-16
FIG3_CANONICAL_QSS_V2,72c2f02795c9120fd3fd7cf2ad8b371f0d5ccc32a8efacf6b2d0a8ca09cb384e,8.12875,R>0; left boundary is R_to_0_plus limit,1.0,0.8987030885875971,0.8904559769957552,0.8990314432284633,40,5.551115123125783e-16,4.773959005888173e-15
FIG3_CANONICAL_QSS_V2,72c2f02795c9120fd3fd7cf2ad8b371f0d5ccc32a8efacf6b2d0a8ca09cb384e,8.153699999999999,R>0; left boundary is R_to_0_plus limit,1.0,0.8989642466111727,0.8907545582660563,0.8992913582156493,40,6.661338147750939e-16,6.661338147750939e-16
FIG3_CANONICAL_QSS_V2,72c2f02795c9120fd3fd7cf2ad8b371f0d5ccc32a8efacf6b2d0a8ca09cb384e,8.17865,R>0; left boundary is R_to_0_plus limit,1.0,0.8992240352484622,0.891051516290522,0.8995499058782223,40,2.220446049250313e-16,2.220446049250313e-16
FIG3_CANONICAL_QSS_V2,72c2f02795c9120fd3fd7cf2ad8b371f0d5ccc32a8efacf6b2d0a8ca09cb384e,8.2036,R>0; left boundary is R_to_0_plus limit,1.0,0.899482465421352,0.8913468642705028,0.8998070972215997,40,5.551115123125783e-16,2.7755575615628914e-15
FIG3_CANONICAL_QSS_V2,72c2f02795c9120fd3fd7cf2ad8b371f0d5ccc32a8efacf6b2d0a8ca09cb384e,8.22855,R>0; left boundary is R_to_0_plus limit,1.0,0.8997395479342378,0.8916406152645865,0.9000629431310985,40,7.771561172376096e-16,2.220446049250313e-16
FIG3_CANONICAL_QSS_V2,72c2f02795c9120fd3fd7cf2ad8b371f0d5ccc32a8efacf6b2d0a8ca09cb384e,8.253499999999999,R>0; left boundary is R_to_0_plus limit,1.0,0.8999952934756275,0.8919327821905225,0.9003174543735932,40,2.220446049250313e-16,2.7755575615628914e-15
FIG3_CANONICAL_QSS_V2,72c2f02795c9120fd3fd7cf2ad8b371f0d5ccc32a8efacf6b2d0a8ca09cb384e,8.27845,R>0; left boundary is R_to_0_plus limit,1.0,0.9002497126197078,0.8922233778271155,0.900570641599149,40,1.1102230246251565e-16,3.3306690738754696e-16
FIG3_CANONICAL_QSS_V2,72c2f02795c9120fd3fd7cf2ad8b371f0d5ccc32a8efacf6b2d0a8ca09cb384e,8.3034,R>0; left boundary is R_to_0_plus limit,1.0,0.9005028158278856,0.8925124148160888,0.900822515342626,40,5.551115123125783e-16,2.220446049250313e-15
FIG3_CANONICAL_QSS_V2,72c2f02795c9120fd3fd7cf2ad8b371f0d5ccc32a8efacf6b2d0a8ca09cb384e,8.32835,R>0; left boundary is R_to_0_plus limit,1.0,0.900754613450303,0.892799905663917,0.9010730860252564,40,2.220446049250313e-16,1.1102230246251565e-16
FIG3_CANONICAL_QSS_V2,72c2f02795c9120fd3fd7cf2ad8b371f0d5ccc32a8efacf6b2d0a8ca09cb384e,8.353299999999999,R>0; left boundary is R_to_0_plus limit,1.0,0.9010051157273367,0.8930858627436306,0.9013223639561981,40,2.220446049250313e-16,2.6645352591003757e-15
FIG3_CANONICAL_QSS_V2,72c2f02795c9120fd3fd7cf2ad8b371f0d5ccc32a8efacf6b2d0a8ca09cb384e,8.37825,R>0; left boundary is R_to_0_plus limit,1.0,0.9012543327910603,0.8933702982965905,0.9015703593340594,40,5.551115123125783e-16,1.5543122344752192e-15
FIG3_CANONICAL_QSS_V2,72c2f02795c9120fd3fd7cf2ad8b371f0d5ccc32a8efacf6b2d0a8ca09cb384e,8.4032,R>0; left boundary is R_to_0_plus limit,1.0,0.9015022746666919,0.8936532244342351,0.9018170822483994,40,4.440892098500626e-16,1.7763568394002505e-15
FIG3_CANONICAL_QSS_V2,72c2f02795c9120fd3fd7cf2ad8b371f0d5ccc32a8efacf6b2d0a8ca09cb384e,8.428149999999999,R>0; left boundary is R_to_0_plus limit,1.0,0.9017489512740138,0.8939346531397994,0.9020625426812061,40,1.3322676295501878e-15,2.7755575615628914e-15
FIG3_CANONICAL_QSS_V2,72c2f02795c9120fd3fd7cf2ad8b371f0d5ccc32a8efacf6b2d0a8ca09cb384e,8.4531,R>0; left boundary is R_to_0_plus limit,1.0,0.9019943724287804,0.8942145962700067,0.9023067505083475,40,6.661338147750939e-16,2.220446049250313e-16
FIG3_CANONICAL_QSS_V2,72c2f02795c9120fd3fd7cf2ad8b371f0d5ccc32a8efacf6b2d0a8ca09cb384e,8.47805,R>0; left boundary is R_to_0_plus limit,1.0,0.9022385478440746,0.8944930655567337,0.9025497155009997,40,8.881784197001252e-16,1.1102230246251565e-16
FIG3_CANONICAL_QSS_V2,72c2f02795c9120fd3fd7cf2ad8b371f0d5ccc32a8efacf6b2d0a8ca09cb384e,8.503,R>0; left boundary is R_to_0_plus limit,1.0,0.9024814871316806,0.8947700726086499,0.9027914473270521,40,5.551115123125783e-16,1.5543122344752192e-15
FIG3_CANONICAL_QSS_V2,72c2f02795c9120fd3fd7cf2ad8b371f0d5ccc32a8efacf6b2d0a8ca09cb384e,8.527949999999999,R>0; left boundary is R_to_0_plus limit,1.0,0.9027231998034129,0.8950456289128301,0.9030319555524898,40,2.220446049250313e-16,2.1094237467877974e-15
FIG3_CANONICAL_QSS_V2,72c2f02795c9120fd3fd7cf2ad8b371f0d5ccc32a8efacf6b2d0a8ca09cb384e,8.5529,R>0; left boundary is R_to_0_plus limit,1.0,0.9029636952724189,0.8953197458363429,0.9032712496427541,40,6.661338147750939e-16,9.992007221626409e-16
FIG3_CANONICAL_QSS_V2,72c2f02795c9120fd3fd7cf2ad8b371f0d5ccc32a8efacf6b2d0a8ca09cb384e,8.57785,R>0; left boundary is R_to_0_plus limit,1.0,0.9032029828544799,0.8955924346278131,0.9035093389640784,40,2.220446049250313e-16,1.4432899320127035e-15
FIG3_CANONICAL_QSS_V2,72c2f02795c9120fd3fd7cf2ad8b371f0d5ccc32a8efacf6b2d0a8ca09cb384e,8.6028,R>0; left boundary is R_to_0_plus limit,1.0,0.903441071769274,0.8958637064189612,0.9037462327848068,40,3.3306690738754696e-16,2.9976021664879227e-15
FIG3_CANONICAL_QSS_V2,72c2f02795c9120fd3fd7cf2ad8b371f0d5ccc32a8efacf6b2d0a8ca09cb384e,8.627749999999999,R>0; left boundary is R_to_0_plus limit,1.0,0.9036779711416321,0.8961335722261172,0.903981940276688,40,7.771561172376096e-16,2.220446049250313e-16
FIG3_CANONICAL_QSS_V2,72c2f02795c9120fd3fd7cf2ad8b371f0d5ccc32a8efacf6b2d0a8ca09cb384e,8.6527,R>0; left boundary is R_to_0_plus limit,1.0,0.90391369000276,0.896402042951713,0.9042164705161492,40,7.771561172376096e-16,8.881784197001252e-16
FIG3_CANONICAL_QSS_V2,72c2f02795c9120fd3fd7cf2ad8b371f0d5ccc32a8efacf6b2d0a8ca09cb384e,8.67765,R>0; left boundary is R_to_0_plus limit,1.0,0.9041482372914649,0.8966691293857496,0.9044498324855517,40,2.220446049250313e-16,5.551115123125783e-16
FIG3_CANONICAL_QSS_V2,72c2f02795c9120fd3fd7cf2ad8b371f0d5ccc32a8efacf6b2d0a8ca09cb384e,8.7026,R>0; left boundary is R_to_0_plus limit,1.0,0.9043816218553307,0.8969348422072434,0.9046820350744237,40,7.771561172376096e-16,1.4432899320127035e-15
FIG3_CANONICAL_QSS_V2,72c2f02795c9120fd3fd7cf2ad8b371f0d5ccc32a8efacf6b2d0a8ca09cb384e,8.727549999999999,R>0; left boundary is R_to_0_plus limit,1.0,0.9046138524518987,0.897199191985649,0.9049130870806749,40,1.1102230246251565e-16,1.4432899320127035e-15
FIG3_CANONICAL_QSS_V2,72c2f02795c9120fd3fd7cf2ad8b371f0d5ccc32a8efacf6b2d0a8ca09cb384e,8.7525,R>0; left boundary is R_to_0_plus limit,1.0,0.9048449377498295,0.897462189182261,0.9051429972117923,40,1.1102230246251565e-16,1.4432899320127035e-15
FIG3_CANONICAL_QSS_V2,72c2f02795c9120fd3fd7cf2ad8b371f0d5ccc32a8efacf6b2d0a8ca09cb384e,8.77745,R>0; left boundary is R_to_0_plus limit,1.0,0.9050748863300297,0.8977238441515937,0.9053717740860161,40,5.551115123125783e-16,2.55351295663786e-15
FIG3_CANONICAL_QSS_V2,72c2f02795c9120fd3fd7cf2ad8b371f0d5ccc32a8efacf6b2d0a8ca09cb384e,8.802399999999999,R>0; left boundary is R_to_0_plus limit,1.0,0.9053037066867784,0.8979841671427405,0.9055994262334974,40,3.3306690738754696e-16,4.884981308350689e-15
FIG3_CANONICAL_QSS_V2,72c2f02795c9120fd3fd7cf2ad8b371f0d5ccc32a8efacf6b2d0a8ca09cb384e,8.82735,R>0; left boundary is R_to_0_plus limit,1.0,0.9055314072288274,0.8982431683007118,0.9058259620974382,40,5.551115123125783e-16,3.3306690738754696e-16
FIG3_CANONICAL_QSS_V2,72c2f02795c9120fd3fd7cf2ad8b371f0d5ccc32a8efacf6b2d0a8ca09cb384e,8.8523,R>0; left boundary is R_to_0_plus limit,1.0,0.9057579962804914,0.8985008576677527,0.9060513900352126,40,0.0,6.661338147750939e-16
FIG3_CANONICAL_QSS_V2,72c2f02795c9120fd3fd7cf2ad8b371f0d5ccc32a8efacf6b2d0a8ca09cb384e,8.87725,R>0; left boundary is R_to_0_plus limit,1.0,0.9059834820827088,0.8987572451846415,0.9062757183194717,40,4.440892098500626e-16,1.1102230246251565e-15
FIG3_CANONICAL_QSS_V2,72c2f02795c9120fd3fd7cf2ad8b371f0d5ccc32a8efacf6b2d0a8ca09cb384e,8.902199999999999,R>0; left boundary is R_to_0_plus limit,1.0,0.9062078727941012,0.8990123406919674,0.9064989551392302,40,6.661338147750939e-16,6.661338147750939e-16
FIG3_CANONICAL_QSS_V2,72c2f02795c9120fd3fd7cf2ad8b371f0d5ccc32a8efacf6b2d0a8ca09cb384e,8.92715,R>0; left boundary is R_to_0_plus limit,1.0,0.9064311764920081,0.8992661539313902,0.9067211086009365,40,5.551115123125783e-16,6.661338147750939e-16
FIG3_CANONICAL_QSS_V2,72c2f02795c9120fd3fd7cf2ad8b371f0d5ccc32a8efacf6b2d0a8ca09cb384e,8.9521,R>0; left boundary is R_to_0_plus limit,1.0,0.9066534011735072,0.8995186945468796,0.9069421867295265,40,3.3306690738754696e-16,1.7763568394002505e-15
FIG3_CANONICAL_QSS_V2,72c2f02795c9120fd3fd7cf2ad8b371f0d5ccc32a8efacf6b2d0a8ca09cb384e,8.97705,R>0; left boundary is R_to_0_plus limit,1.0,0.9068745547564205,0.8997699720859372,0.9071621974694601,40,3.3306690738754696e-16,3.219646771412954e-15
FIG3_CANONICAL_QSS_V2,72c2f02795c9120fd3fd7cf2ad8b371f0d5ccc32a8efacf6b2d0a8ca09cb384e,9.001999999999999,R>0; left boundary is R_to_0_plus limit,1.0,0.9070946450803063,0.9000199960007998,0.9073811486857444,40,3.3306690738754696e-16,1.9984014443252818e-15
FIG3_CANONICAL_QSS_V2,72c2f02795c9120fd3fd7cf2ad8b371f0d5ccc32a8efacf6b2d0a8ca09cb384e,9.02695,R>0; left boundary is R_to_0_plus limit,1.0,0.9073136799074284,0.9002687756496243,0.9075990481649368,40,5.551115123125783e-16,3.774758283725532e-15
FIG3_CANONICAL_QSS_V2,72c2f02795c9120fd3fd7cf2ad8b371f0d5ccc32a8efacf6b2d0a8ca09cb384e,9.0519,R>0; left boundary is R_to_0_plus limit,1.0,0.9075316669237221,0.9005163202976552,0.907815903616137,40,3.3306690738754696e-16,8.881784197001252e-16
FIG3_CANONICAL_QSS_V2,72c2f02795c9120fd3fd7cf2ad8b371f0d5ccc32a8efacf6b2d0a8ca09cb384e,9.07685,R>0; left boundary is R_to_0_plus limit,1.0,0.9077486137397415,0.9007626391183753,0.9080317226719611,40,1.1102230246251565e-16,1.3322676295501878e-15
FIG3_CANONICAL_QSS_V2,72c2f02795c9120fd3fd7cf2ad8b371f0d5ccc32a8efacf6b2d0a8ca09cb384e,9.101799999999999,R>0; left boundary is R_to_0_plus limit,1.0,0.9079645278915862,0.9010077411946386,0.9082465128895022,40,4.440892098500626e-16,2.220446049250313e-16
FIG3_CANONICAL_QSS_V2,72c2f02795c9120fd3fd7cf2ad8b371f0d5ccc32a8efacf6b2d0a8ca09cb384e,9.12675,R>0; left boundary is R_to_0_plus limit,1.0,0.9081794168418202,0.9012516355197867,0.9084602817512762,40,4.440892098500626e-16,1.5543122344752192e-15
FIG3_CANONICAL_QSS_V2,72c2f02795c9120fd3fd7cf2ad8b371f0d5ccc32a8efacf6b2d0a8ca09cb384e,9.1517,R>0; left boundary is R_to_0_plus limit,1.0,0.9083932879803847,0.901494330998749,0.9086730366661524,40,9.992007221626409e-16,1.2212453270876722e-15
FIG3_CANONICAL_QSS_V2,72c2f02795c9120fd3fd7cf2ad8b371f0d5ccc32a8efacf6b2d0a8ca09cb384e,9.17665,R>0; left boundary is R_to_0_plus limit,1.0,0.9086061486254717,0.9017358364491261,0.9088847849702706,40,4.440892098500626e-16,6.661338147750939e-16
FIG3_CANONICAL_QSS_V2,72c2f02795c9120fd3fd7cf2ad8b371f0d5ccc32a8efacf6b2d0a8ca09cb384e,9.2016,R>0; left boundary is R_to_0_plus limit,1.0,0.9088180060244238,0.9019761606022585,0.9090955339279458,40,1.1102230246251565e-16,4.884981308350689e-15
FIG3_CANONICAL_QSS_V2,72c2f02795c9120fd3fd7cf2ad8b371f0d5ccc32a8efacf6b2d0a8ca09cb384e,9.22655,R>0; left boundary is R_to_0_plus limit,1.0,0.9090288673545803,0.9022153121042776,0.9093052907325561,40,5.551115123125783e-16,1.4432899320127035e-15
FIG3_CANONICAL_QSS_V2,72c2f02795c9120fd3fd7cf2ad8b371f0d5ccc32a8efacf6b2d0a8ca09cb384e,9.2515,R>0; left boundary is R_to_0_plus limit,1.0,0.9092387397241364,0.9024532995171438,0.9095140625074201,40,5.551115123125783e-16,4.884981308350689e-15
FIG3_CANONICAL_QSS_V2,72c2f02795c9120fd3fd7cf2ad8b371f0d5ccc32a8efacf6b2d0a8ca09cb384e,9.276449999999999,R>0; left boundary is R_to_0_plus limit,1.0,0.9094476301729877,0.9026901313196678,0.9097218563066602,40,0.0,2.1094237467877974e-15
FIG3_CANONICAL_QSS_V2,72c2f02795c9120fd3fd7cf2ad8b371f0d5ccc32a8efacf6b2d0a8ca09cb384e,9.3014,R>0; left boundary is R_to_0_plus limit,1.0,0.9096555456735462,0.9029258159085173,0.9099286791160527,40,7.771561172376096e-16,4.440892098500626e-16
FIG3_CANONICAL_QSS_V2,72c2f02795c9120fd3fd7cf2ad8b371f0d5ccc32a8efacf6b2d0a8ca09cb384e,9.32635,R>0; left boundary is R_to_0_plus limit,1.0,0.909862493131568,0.9031603615992098,0.9101345378538658,40,7.771561172376096e-16,9.992007221626409e-16
FIG3_CANONICAL_QSS_V2,72c2f02795c9120fd3fd7cf2ad8b371f0d5ccc32a8efacf6b2d0a8ca09cb384e,9.3513,R>0; left boundary is R_to_0_plus limit,1.0,0.9100684793869416,0.9033937766270903,0.9103394393716846,40,5.551115123125783e-16,7.771561172376096e-16
FIG3_CANONICAL_QSS_V2,72c2f02795c9120fd3fd7cf2ad8b371f0d5ccc32a8efacf6b2d0a8ca09cb384e,9.376249999999999,R>0; left boundary is R_to_0_plus limit,1.0,0.9102735112144948,0.9036260691482954,0.9105433904552244,40,6.661338147750939e-16,2.220446049250313e-16
FIG3_CANONICAL_QSS_V2,72c2f02795c9120fd3fd7cf2ad8b371f0d5ccc32a8efacf6b2d0a8ca09cb384e,9.4012,R>0; left boundary is R_to_0_plus limit,1.0,0.9104775953247639,0.903857247240703,0.9107463978251318,40,1.1102230246251565e-16,2.220446049250313e-16
FIG3_CANONICAL_QSS_V2,72c2f02795c9120fd3fd7cf2ad8b371f0d5ccc32a8efacf6b2d0a8ca09cb384e,9.42615,R>0; left boundary is R_to_0_plus limit,1.0,0.9106807383647695,0.904087318904869,0.9109484681377736,40,8.881784197001252e-16,1.9984014443252818e-15
FIG3_CANONICAL_QSS_V2,72c2f02795c9120fd3fd7cf2ad8b371f0d5ccc32a8efacf6b2d0a8ca09cb384e,9.4511,R>0; left boundary is R_to_0_plus limit,1.0,0.9108829469187647,0.9043162920649501,0.9111496079860153,40,1.1102230246251565e-16,6.661338147750939e-16
FIG3_CANONICAL_QSS_V2,72c2f02795c9120fd3fd7cf2ad8b371f0d5ccc32a8efacf6b2d0a8ca09cb384e,9.476049999999999,R>0; left boundary is R_to_0_plus limit,1.0,0.9110842275089954,0.9045441745696136,0.9113498238999864,40,9.992007221626409e-16,3.9968028886505635e-15
FIG3_CANONICAL_QSS_V2,72c2f02795c9120fd3fd7cf2ad8b371f0d5ccc32a8efacf6b2d0a8ca09cb384e,9.501,R>0; left boundary is R_to_0_plus limit,1.0,0.9112845865964196,0.904770974192934,0.9115491223478366,40,8.881784197001252e-16,1.4432899320127035e-15
FIG3_CANONICAL_QSS_V2,72c2f02795c9120fd3fd7cf2ad8b371f0d5ccc32a8efacf6b2d0a8ca09cb384e,9.52595,R>0; left boundary is R_to_0_plus limit,1.0,0.9114840305814536,0.9049966986352775,0.9117475097364783,40,9.992007221626409e-16,4.3298697960381105e-15
FIG3_CANONICAL_QSS_V2,72c2f02795c9120fd3fd7cf2ad8b371f0d5ccc32a8efacf6b2d0a8ca09cb384e,9.5509,R>0; left boundary is R_to_0_plus limit,1.0,0.9116825658046608,0.9052213555241733,0.9119449924123223,40,2.220446049250313e-16,3.3306690738754696e-16
FIG3_CANONICAL_QSS_V2,72c2f02795c9120fd3fd7cf2ad8b371f0d5ccc32a8efacf6b2d0a8ca09cb384e,9.575849999999999,R>0; left boundary is R_to_0_plus limit,1.0,0.9118801985474843,0.9054449524151723,0.9121415766619975,40,8.881784197001252e-16,5.551115123125783e-16
FIG3_CANONICAL_QSS_V2,72c2f02795c9120fd3fd7cf2ad8b371f0d5ccc32a8efacf6b2d0a8ca09cb384e,9.6008,R>0; left boundary is R_to_0_plus limit,1.0,0.9120769350329176,0.9056674967926949,0.9123372687130655,40,0.0,3.3306690738754696e-16
FIG3_CANONICAL_QSS_V2,72c2f02795c9120fd3fd7cf2ad8b371f0d5ccc32a8efacf6b2d0a8ca09cb384e,9.62575,R>0; left boundary is R_to_0_plus limit,1.0,0.9122727814262088,0.9058889960708656,0.9125320747347218,40,3.3306690738754696e-16,6.661338147750939e-16
FIG3_CANONICAL_QSS_V2,72c2f02795c9120fd3fd7cf2ad8b371f0d5ccc32a8efacf6b2d0a8ca09cb384e,9.650699999999999,R>0; left boundary is R_to_0_plus limit,1.0,0.9124677438355207,0.9061094575943365,0.9127260008384862,40,5.551115123125783e-16,1.4432899320127035e-15
FIG3_CANONICAL_QSS_V2,72c2f02795c9120fd3fd7cf2ad8b371f0d5ccc32a8efacf6b2d0a8ca09cb384e,9.67565,R>0; left boundary is R_to_0_plus limit,1.0,0.9126618283126096,0.9063288886390992,0.9129190530788871,40,9.992007221626409e-16,1.5543122344752192e-15
FIG3_CANONICAL_QSS_V2,72c2f02795c9120fd3fd7cf2ad8b371f0d5ccc32a8efacf6b2d0a8ca09cb384e,9.7006,R>0; left boundary is R_to_0_plus limit,1.0,0.912855040853465,0.9065472964132852,0.9131112374541323,40,1.3322676295501878e-15,1.1102230246251565e-16
FIG3_CANONICAL_QSS_V2,72c2f02795c9120fd3fd7cf2ad8b371f0d5ccc32a8efacf6b2d0a8ca09cb384e,9.72555,R>0; left boundary is R_to_0_plus limit,1.0,0.9130473873989811,0.9067646880579551,0.9133025599067707,40,2.220446049250313e-16,5.551115123125783e-16
FIG3_CANONICAL_QSS_V2,72c2f02795c9120fd3fd7cf2ad8b371f0d5ccc32a8efacf6b2d0a8ca09cb384e,9.750499999999999,R>0; left boundary is R_to_0_plus limit,1.0,0.913238873835569,0.9069810706478768,0.9134930263243476,40,9.992007221626409e-16,4.3298697960381105e-15
FIG3_CANONICAL_QSS_V2,72c2f02795c9120fd3fd7cf2ad8b371f0d5ccc32a8efacf6b2d0a8ca09cb384e,9.77545,R>0; left boundary is R_to_0_plus limit,1.0,0.9134295059957989,0.9071964511922936,0.9136826425400466,40,1.1102230246251565e-16,2.55351295663786e-15
FIG3_CANONICAL_QSS_V2,72c2f02795c9120fd3fd7cf2ad8b371f0d5ccc32a8efacf6b2d0a8ca09cb384e,9.8004,R>0; left boundary is R_to_0_plus limit,1.0,0.9136192896590245,0.9074108366356801,0.9138714143333243,40,1.1102230246251565e-16,1.5543122344752192e-15
FIG3_CANONICAL_QSS_V2,72c2f02795c9120fd3fd7cf2ad8b371f0d5ccc32a8efacf6b2d0a8ca09cb384e,9.82535,R>0; left boundary is R_to_0_plus limit,1.0,0.9138082305519841,0.9076242338584896,0.9140593474305382,40,9.992007221626409e-16,1.1102230246251565e-15
FIG3_CANONICAL_QSS_V2,72c2f02795c9120fd3fd7cf2ad8b371f0d5ccc32a8efacf6b2d0a8ca09cb384e,9.850299999999999,R>0; left boundary is R_to_0_plus limit,1.0,0.9139963343494131,0.9078366496778891,0.9142464475055606,40,5.551115123125783e-16,3.3306690738754696e-15
FIG3_CANONICAL_QSS_V2,72c2f02795c9120fd3fd7cf2ad8b371f0d5ccc32a8efacf6b2d0a8ca09cb384e,9.87525,R>0; left boundary is R_to_0_plus limit,1.0,0.9141836066746318,0.9080480908484863,0.9144327201803888,40,1.2212453270876722e-15,1.3322676295501878e-15
FIG3_CANONICAL_QSS_V2,72c2f02795c9120fd3fd7cf2ad8b371f0d5ccc32a8efacf6b2d0a8ca09cb384e,9.9002,R>0; left boundary is R_to_0_plus limit,1.0,0.9143700531001304,0.9082585640630447,0.9146181710257442,40,9.992007221626409e-16,1.3322676295501878e-15
FIG3_CANONICAL_QSS_V2,72c2f02795c9120fd3fd7cf2ad8b371f0d5ccc32a8efacf6b2d0a8ca09cb384e,9.92515,R>0; left boundary is R_to_0_plus limit,1.0,0.9145556791481653,0.9084680759531906,0.9148028055616634,40,9.992007221626409e-16,3.3306690738754696e-16
FIG3_CANONICAL_QSS_V2,72c2f02795c9120fd3fd7cf2ad8b371f0d5ccc32a8efacf6b2d0a8ca09cb384e,9.950099999999999,R>0; left boundary is R_to_0_plus limit,1.0,0.9147404902912992,0.9086766330901087,0.9149866292580814,40,1.3322676295501878e-15,2.9976021664879227e-15
FIG3_CANONICAL_QSS_V2,72c2f02795c9120fd3fd7cf2ad8b371f0d5ccc32a8efacf6b2d0a8ca09cb384e,9.97505,R>0; left boundary is R_to_0_plus limit,1.0,0.9149244919529984,0.9088842419852301,0.9151696475354071,40,6.661338147750939e-16,1.1102230246251565e-16
FIG3_CANONICAL_QSS_V2,72c2f02795c9120fd3fd7cf2ad8b371f0d5ccc32a8efacf6b2d0a8ca09cb384e,10.0,R>0; left boundary is R_to_0_plus limit,1.0,0.9151076895081598,0.9090909090909091,0.9153518657650889,40,3.3306690738754696e-16,1.9984014443252818e-15
