closure,R,c,n_replicates,n_timepoints,mean_signed_defect,mean_absolute_defect,root_mean_square_defect,maximum_absolute_defect
algebraic_qss0,1.0,0.0,120,136,0.0,0.0,0.0,0.0
dynamic_K1,1.0,0.0,120,136,0.0,0.0,0.0,0.0
dynamic_K2,1.0,0.0,120,136,0.0,0.0,0.0,0.0
dynamic_K3,1.0,0.0,120,136,0.0,0.0,0.0,0.0
algebraic_qss0,1.0,0.25,120,136,0.004395495431486307,0.005372035988219594,0.011083382163177783,0.045785803448350315
dynamic_K1,1.0,0.25,120,136,-0.002290786097886425,0.002430755086063768,0.003917606234005147,0.011424821306021878
dynamic_K2,1.0,0.25,120,136,-0.0005622474201019897,0.0006306145370931344,0.0008819693241819848,0.0021729538090256226
dynamic_K3,1.0,0.25,120,136,-0.00010536974244341653,0.00015136245433010158,0.00018394049796459572,0.0004568448034781387
algebraic_qss0,1.0,0.5,120,136,0.004344908679873063,0.012406504143444677,0.02165704386121618,0.09192802268585318
dynamic_K1,1.0,0.5,120,136,-0.002817042818922095,0.004324563940325054,0.007355077696609276,0.023845627133568623
dynamic_K2,1.0,0.5,120,136,-0.0010036057351941513,0.0019187841457258001,0.0022237124985091785,0.004622888204237181
dynamic_K3,1.0,0.5,120,136,-0.0001628547883179152,0.00042150758048387267,0.0004834757637849288,0.0011430655230038984
algebraic_qss0,1.0,0.75,120,136,0.0019553989007915088,0.02081250466138737,0.03204274793669877,0.13596435988152594
dynamic_K1,1.0,0.75,120,136,-0.00038617005400957684,0.008662613683536295,0.011612552409217325,0.03484754954836901
dynamic_K2,1.0,0.75,120,136,0.00032919113679575224,0.002617309256870887,0.0031407867600185533,0.006332643575657111
dynamic_K3,1.0,0.75,120,136,0.0002125355583349611,0.000769932853294633,0.0010629578191080843,0.004188873850191481
algebraic_qss0,1.0,1.0,120,136,-0.006907035978613172,0.03621839841498439,0.04795941089427533,0.18537522621174085
dynamic_K1,1.0,1.0,120,136,2.5541832116397686e-05,0.01352587481389359,0.01757102956263542,0.04887513050927968
dynamic_K2,1.0,1.0,120,136,-0.0004436585788003644,0.003498043338552204,0.004328036332840356,0.009098171941040536
dynamic_K3,1.0,1.0,120,136,-0.0006371966972092409,0.0009471511627883742,0.0010964689296257234,0.0024585443008632787
algebraic_qss0,1.5,0.0,120,136,0.0,0.0,0.0,0.0
dynamic_K1,1.5,0.0,120,136,0.0,0.0,0.0,0.0
dynamic_K2,1.5,0.0,120,136,0.0,0.0,0.0,0.0
dynamic_K3,1.5,0.0,120,136,0.0,0.0,0.0,0.0
algebraic_qss0,1.5,0.25,120,136,7.614317189871944e-05,0.006274992802740342,0.009556601630530268,0.04352253648091213
dynamic_K1,1.5,0.25,120,136,-0.0004295552877427736,0.0032356414257970656,0.004814102750635192,0.017578763014797175
dynamic_K2,1.5,0.25,120,136,-0.0001688435093188518,0.00114779375016888,0.001547750223060674,0.0043549030876029945
dynamic_K3,1.5,0.25,120,136,-8.149943188044475e-05,0.0003273221072238568,0.0004172807425527958,0.0010587624298604341
algebraic_qss0,1.5,0.5,120,136,-0.0041112608998023475,0.015764662882671775,0.02086041915654421,0.0889268064482773
dynamic_K1,1.5,0.5,120,136,0.001071046474439264,0.008525021069719266,0.011083190162260672,0.03592522900804469
dynamic_K2,1.5,0.5,120,136,0.00040318176018733443,0.002817471569567704,0.0034299242272174827,0.008595516231761274
dynamic_K3,1.5,0.5,120,136,9.477233644938251e-05,0.0007566182442815179,0.0009034553672588726,0.002035549331474479
algebraic_qss0,1.5,0.75,120,136,-0.011076443206268586,0.02685477624176836,0.03274687757882701,0.12817614256760546
dynamic_K1,1.5,0.75,120,136,0.0029227274214057956,0.013395125277730738,0.016826119637681825,0.05414726233202777
dynamic_K2,1.5,0.75,120,136,0.0005395779133095563,0.004014982045662986,0.004979025854601814,0.013016740662671186
dynamic_K3,1.5,0.75,120,136,0.0001487625346362632,0.001145738537886394,0.001351353341091661,0.003343690236448118
algebraic_qss0,1.5,1.0,120,136,-0.02603251869393076,0.04640952952265564,0.05204708425724936,0.17384365339702373
dynamic_K1,1.5,1.0,120,136,0.009661837241624508,0.022859844447364164,0.02603631852107884,0.06943250908512735
dynamic_K2,1.5,1.0,120,136,0.0028360023400810863,0.007260208282743296,0.008315593905258142,0.016900685078262107
dynamic_K3,1.5,1.0,120,136,0.0006542796336323686,0.0017928398755976316,0.002031467166209589,0.004072085373919763
algebraic_qss0,2.0,0.0,120,136,0.0,0.0,0.0,0.0
dynamic_K1,2.0,0.0,120,136,0.0,0.0,0.0,0.0
dynamic_K2,2.0,0.0,120,136,0.0,0.0,0.0,0.0
dynamic_K3,2.0,0.0,120,136,0.0,0.0,0.0,0.0
algebraic_qss0,2.0,0.25,120,136,-0.003944638701778185,0.008271299985914526,0.009877970055545483,0.03583086415446571
dynamic_K1,2.0,0.25,120,136,0.0016581981368007908,0.005211377112288238,0.006392783238716219,0.02158393694680677
dynamic_K2,2.0,0.25,120,136,0.0005739353200949924,0.0020972049743128063,0.0024852812792667913,0.00680673376861708
dynamic_K3,2.0,0.25,120,136,0.00014429544046253834,0.0006475580127184432,0.0007603209335791887,0.0018171979302338045
algebraic_qss0,2.0,0.5,120,136,-0.009177287714074759,0.01742479775789981,0.02017686158386287,0.07095486519012523
dynamic_K1,2.0,0.5,120,136,0.0042019683208703446,0.01098129467265744,0.012922593713289132,0.04158562889140563
dynamic_K2,2.0,0.5,120,136,0.001498321088926228,0.004220984897640785,0.004895082560031261,0.0130356279880742
dynamic_K3,2.0,0.5,120,136,0.0004968873792815673,0.0012388755644411943,0.0014163091624815427,0.0028669400037021966
algebraic_qss0,2.0,0.75,120,136,-0.01938502697794628,0.03078601899798886,0.0341386689338641,0.11108647290398177
dynamic_K1,2.0,0.75,120,136,0.008837915295945952,0.018791637560904784,0.021437760032581923,0.0649822691858588
dynamic_K2,2.0,0.75,120,136,0.0024174311063739173,0.007357714512564444,0.008443252366124091,0.02015017679471039
dynamic_K3,2.0,0.75,120,136,0.000562790922804922,0.0022069791259110316,0.0024732209722060205,0.005042127111160675
algebraic_qss0,2.0,1.0,120,136,-0.03428750169090898,0.04762494117742866,0.05086232081422614,0.14894125569137595
dynamic_K1,2.0,1.0,120,136,0.01678515498583938,0.028694344799124333,0.031210544638043396,0.08501957503126265
dynamic_K2,2.0,1.0,120,136,0.006215051765293898,0.011337878028431048,0.012226257312818532,0.02558904730907125
dynamic_K3,2.0,1.0,120,136,0.0018854914161575919,0.003597613295339429,0.003944020137848184,0.007382061156798597
algebraic_qss0,4.0,0.0,120,136,0.0,0.0,0.0,0.0
dynamic_K1,4.0,0.0,120,136,0.0,0.0,0.0,0.0
dynamic_K2,4.0,0.0,120,136,0.0,0.0,0.0,0.0
dynamic_K3,4.0,0.0,120,136,0.0,0.0,0.0,0.0
algebraic_qss0,4.0,0.25,120,136,-0.023170444402788763,0.02410311989255738,0.027155377368719577,0.04272812821255194
dynamic_K1,4.0,0.25,120,136,0.008801710192482324,0.01023840804127741,0.01273821195087038,0.02316039560291961
dynamic_K2,4.0,0.25,120,136,0.002850698102066091,0.003983764603611051,0.005576092848039409,0.012993074857306677
dynamic_K3,4.0,0.25,120,136,0.0008436593516979765,0.0014450343976595394,0.0022262310552486264,0.005692987490254967
algebraic_qss0,4.0,0.5,120,136,-0.04484972366554142,0.0466716131027336,0.05157002165121305,0.07819413709802911
dynamic_K1,4.0,0.5,120,136,0.01829095134519039,0.021334459146407105,0.025721691672817307,0.045401273627924316
dynamic_K2,4.0,0.5,120,136,0.006046313357147469,0.008490903775626961,0.011491731765122085,0.02714367751149624
dynamic_K3,4.0,0.5,120,136,0.0017948703232619132,0.0030891606707501755,0.004601935259468331,0.011844562677868674
algebraic_qss0,4.0,0.75,120,136,-0.06601865242024975,0.068367519065111,0.0740667596167363,0.10813926393751089
dynamic_K1,4.0,0.75,120,136,0.030213976434849354,0.034358674794402085,0.04024209480751611,0.06730553091866967
dynamic_K2,4.0,0.75,120,136,0.010652722149891523,0.014207537250826883,0.01848453017845,0.03971791186422649
dynamic_K3,4.0,0.75,120,136,0.003096519868159916,0.005127193068692478,0.0073036768654575115,0.01783982475674941
algebraic_qss0,4.0,1.0,120,136,-0.09007849259295594,0.0927703100283091,0.09891568414190278,0.1351919511156951
dynamic_K1,4.0,1.0,120,136,0.04415815779112503,0.04926245228394027,0.055327317971194764,0.08616523734478304
dynamic_K2,4.0,1.0,120,136,0.0162236887311984,0.020616103423328876,0.02573708808917655,0.051640484143736565
dynamic_K3,4.0,1.0,120,136,0.004991912679438481,0.007583711805620815,0.010380311304929718,0.023388903214172474
