U0,I0,protocol_id,R,c,n_replicates,E_U,E_I,E_M1,E_mean
500,10,R2_c0_G0.25_L,2.0,0.0,120,0.023204587089862234,0.009719032866288278,0.005516714733093716,0.02575551597839434
500,10,R2_c0_G0.25_M,2.0,0.0,120,0.01717546576327127,0.007526293378892711,0.004263738309843548,0.01923073531057238
500,10,R2_c0_G0.25_F,2.0,0.0,120,0.016238615439091993,0.007172321741548233,0.00438307263224199,0.018285134843432548
500,10,R2_c0_G0.5_L,2.0,0.0,120,0.036090615325021384,0.010892816215940099,0.006240654029159155,0.03821166997612871
500,10,R2_c0_G0.5_M,2.0,0.0,120,0.021167888427156095,0.007937019245412206,0.004708852169976325,0.023092186204975558
500,10,R2_c0_G0.5_F,2.0,0.0,120,0.0132508117543538,0.005330014778844598,0.0036688499976449546,0.014746305638947065
500,10,R2_c0_G1_L,2.0,0.0,120,0.029772425273759263,0.010035328497199724,0.006014909541354189,0.03198881463135141
500,10,R2_c0_G1_M,2.0,0.0,120,0.023371606118173537,0.007512926808704494,0.004351474328769809,0.024932135299848265
500,10,R2_c0_G1_F,2.0,0.0,120,0.018146935139005275,0.008364498692117948,0.0054376088284505235,0.020708541307415892
500,10,R2_c0_G2_L,2.0,0.0,120,0.016668135337791153,0.00573978800125587,0.003455893117594928,0.0179642728541548
500,10,R2_c0_G2_M,2.0,0.0,120,0.0208187812099998,0.007728981083127253,0.004674455426987509,0.022693817069679413
500,10,R2_c0_G2_F,2.0,0.0,120,0.019574316729216227,0.005455624833719689,0.0033827932320543356,0.02060002446097591
500,10,R2_c0_G4_L,2.0,0.0,120,0.03420987900327179,0.011324989493067131,0.006671465523998127,0.03664805125343601
500,10,R2_c0_G4_M,2.0,0.0,120,0.025500522166022548,0.009644211533031034,0.005487321688475148,0.027810036787938017
500,10,R2_c0_G4_F,2.0,0.0,120,0.02937029655152616,0.008751123842469836,0.005321845176437578,0.031104959799247538
500,10,R2_c0.25_G0.25_L,2.0,0.25,120,0.028015219168672705,0.009956832780157214,0.006267599299633021,0.030385421258582873
500,10,R2_c0.25_G0.25_M,2.0,0.25,120,0.021090963891214405,0.004560711623920595,0.002454453953512601,0.02171757796318429
500,10,R2_c0.25_G0.25_F,2.0,0.25,120,0.02504644272434219,0.008637261235889442,0.005604594072318002,0.027080215093610582
500,10,R2_c0.25_G0.5_L,2.0,0.25,120,0.006721572202931426,0.004194210360734829,0.002250833826890799,0.008236333307096774
500,10,R2_c0.25_G0.5_M,2.0,0.25,120,0.020860292453591243,0.00706296279817397,0.004002227705718106,0.022384259454942056
500,10,R2_c0.25_G0.5_F,2.0,0.25,120,0.02586140765537103,0.007355683541405863,0.004622134043602857,0.0272815433836802
500,10,R2_c0.25_G1_L,2.0,0.25,120,0.034262613209274394,0.01203420548281182,0.007494020759958673,0.03707976689087424
500,10,R2_c0.25_G1_M,2.0,0.25,120,0.014832321345958277,0.00492451923844022,0.0032614682047615046,0.01596514394204473
500,10,R2_c0.25_G1_F,2.0,0.25,120,0.036365438531895174,0.011119112711366896,0.0068750570349950125,0.038643837753768215
500,10,R2_c0.25_G2_L,2.0,0.25,120,0.020505969586636797,0.007225568126351184,0.004981260894450725,0.022305079769756472
500,10,R2_c0.25_G2_M,2.0,0.25,120,0.017656105229717764,0.0055550558833126415,0.0034182581459979754,0.018822358685942495
500,10,R2_c0.25_G2_F,2.0,0.25,120,0.010820838117908507,0.0047367471837649385,0.002933486324469348,0.012170975863616502
500,10,R2_c0.25_G4_L,2.0,0.25,120,0.008938050197160098,0.004961201026458015,0.0030840098741615296,0.010677704521843988
500,10,R2_c0.25_G4_M,2.0,0.25,120,0.016046163105313354,0.006208503773650972,0.0038843927923730686,0.017638406302021667
500,10,R2_c0.25_G4_F,2.0,0.25,120,0.02636087833433364,0.00903826064599584,0.005438059913847228,0.02839293147403223
500,10,R2_c0.5_G0.25_L,2.0,0.5,120,0.02510253595926585,0.006754921661203774,0.004172198589498673,0.026328188682578406
500,10,R2_c0.5_G0.25_M,2.0,0.5,120,0.01370788199184102,0.0022548466973865014,0.0016920878076537157,0.0139947677179639
500,10,R2_c0.5_G0.25_F,2.0,0.5,120,0.022072858697506827,0.006834227759271418,0.0045407002722764826,0.02354858210398984
500,10,R2_c0.5_G0.5_L,2.0,0.5,120,0.028241327975701523,0.008774820949408993,0.005615692687282425,0.030101596184975404
500,10,R2_c0.5_G0.5_M,2.0,0.5,120,0.02098198270608694,0.0059581267920031595,0.0038380989398046797,0.022146644816311272
500,10,R2_c0.5_G0.5_F,2.0,0.5,120,0.02512872236043503,0.007415179706096387,0.0047644854050002995,0.026629643232983655
500,10,R2_c0.5_G1_L,2.0,0.5,120,0.031563252840686076,0.01015878295518454,0.006540158988776567,0.0337966489553935
500,10,R2_c0.5_G1_M,2.0,0.5,120,0.011108549333669285,0.0039011466723785073,0.0027545139906159388,0.012091573966298728
500,10,R2_c0.5_G1_F,2.0,0.5,120,0.01626410319505096,0.0052221593563553555,0.0034926301445236795,0.017435322377543583
500,10,R2_c0.5_G2_L,2.0,0.5,120,0.034228406036186106,0.010417019652608496,0.007012547919800865,0.03645920880310428
500,10,R2_c0.5_G2_M,2.0,0.5,120,0.015193940356178593,0.004025586866036386,0.002536912290157563,0.015921592166962123
500,10,R2_c0.5_G2_F,2.0,0.5,120,0.024697852744348908,0.007272096640485076,0.004636145712722987,0.026160297528883287
500,10,R2_c0.5_G4_L,2.0,0.5,120,0.015602413782788782,0.0042070895008821906,0.0028374499242505733,0.016406890015795806
500,10,R2_c0.5_G4_M,2.0,0.5,120,0.00767370096182874,0.004567059960903869,0.003199417821166817,0.00948577869931944
500,10,R2_c0.5_G4_F,2.0,0.5,120,0.009896103868266616,0.003955347881348626,0.003160227227498885,0.01111596530956425
500,10,R2_c0.75_G0.25_L,2.0,0.75,120,0.008483749346261482,0.002242545439711232,0.001780861840611414,0.008954020433007043
500,10,R2_c0.75_G0.25_M,2.0,0.75,120,0.022872341779254075,0.005140271058462422,0.003260239267308405,0.023668450838649695
500,10,R2_c0.75_G0.25_F,2.0,0.75,120,0.006170209673890042,0.0023060817393854294,0.001693436655651337,0.006801266655204512
500,10,R2_c0.75_G0.5_L,2.0,0.75,120,0.01648070841561295,0.004716808018798937,0.0034175719901559567,0.01747975474869599
500,10,R2_c0.75_G0.5_M,2.0,0.75,120,0.023831416593986916,0.005476498790824756,0.0035566642245182995,0.024709882967914442
500,10,R2_c0.75_G0.5_F,2.0,0.75,120,0.010201754212527345,0.004347098929608691,0.002988561527301911,0.01148497096727256
500,10,R2_c0.75_G1_L,2.0,0.75,120,0.02193884238599975,0.005192683142177006,0.0033869813349774193,0.02279799127151938
500,10,R2_c0.75_G1_M,2.0,0.75,120,0.02750747486738046,0.007139304176368885,0.004778023163024601,0.028817708844540112
500,10,R2_c0.75_G1_F,2.0,0.75,120,0.034527459746073165,0.008414976340804662,0.005535302762709148,0.03596660784683288
500,10,R2_c0.75_G2_L,2.0,0.75,120,0.009715533179598682,0.003914196412045912,0.0028399396416415004,0.010852546967607318
500,10,R2_c0.75_G2_M,2.0,0.75,120,0.013898231160714793,0.004834092287183683,0.003545310091490502,0.015136000174501084
500,10,R2_c0.75_G2_F,2.0,0.75,120,0.01848691602294673,0.005751806290931218,0.0040503253701808,0.019780153569985515
500,10,R2_c0.75_G4_L,2.0,0.75,120,0.014834659865021686,0.004221443211230129,0.003166191841224893,0.015745236958266625
500,10,R2_c0.75_G4_M,2.0,0.75,120,0.020882318015320873,0.007638314862408946,0.005117837563130467,0.02281682100891536
500,10,R2_c0.75_G4_F,2.0,0.75,120,0.008633802132722154,0.0026600183431837406,0.002078689935991283,0.009270339190291962
500,10,R2_c1_G0.25_C,2.0,1.0,120,0.019799020231700788,0.005333449154465988,0.00375561672968685,0.020845899813605427
500,10,R2_c1_G0.5_C,2.0,1.0,120,0.013044693944099156,0.004612228170159701,0.003466105930956004,0.014263610311328627
500,10,R2_c1_G1_C,2.0,1.0,120,0.023556305409723737,0.006502930635114666,0.004662580239988346,0.02487824925302467
500,10,R2_c1_G2_C,2.0,1.0,120,0.00736566649152334,0.002212324453243724,0.0017367600278202597,0.007884399643917355
500,10,R2_c1_G4_C,2.0,1.0,120,0.04047373151336128,0.008522945232898739,0.005931939449581655,0.04178458380422316
500,10,R4_c0_G0.25_L,4.0,0.0,120,0.012343166068472052,0.008362287084356535,0.006153990100194167,0.016129264956232934
500,10,R4_c0_G0.25_M,4.0,0.0,120,0.014956909517675154,0.00958244781844001,0.007470225348529285,0.019270098994838007
500,10,R4_c0_G0.25_F,4.0,0.0,120,0.004173509284141744,0.003001599666004978,0.0027563074258276496,0.005833096169741346
500,10,R4_c0_G0.5_L,4.0,0.0,120,0.014227866971040865,0.009161768226382717,0.006710678166324389,0.018204488375990528
500,10,R4_c0_G0.5_M,4.0,0.0,120,0.012462156878724559,0.008715286641071431,0.006166406902508114,0.016409940566415215
500,10,R4_c0_G0.5_F,4.0,0.0,120,0.008327928564398571,0.005587195475867656,0.0047514239835373395,0.01109716978921272
500,10,R4_c0_G1_L,4.0,0.0,120,0.010710862903729659,0.00695786007674642,0.005623453476828708,0.013955559107256531
500,10,R4_c0_G1_M,4.0,0.0,120,0.007279431848627422,0.0026524504912868755,0.001342156870173617,0.007863015115825066
500,10,R4_c0_G1_F,4.0,0.0,120,0.010500037486742785,0.006547789663563147,0.0047502510513482196,0.013254781090312393
500,10,R4_c0_G2_L,4.0,0.0,120,0.01526193281817567,0.010538299633587957,0.007550902519406837,0.020024946476117536
500,10,R4_c0_G2_M,4.0,0.0,120,0.007155658590114029,0.005667675575573552,0.004669137203173718,0.010253137983577836
500,10,R4_c0_G2_F,4.0,0.0,120,0.00733707669055781,0.0055873770082827835,0.0041074046348820985,0.010095654957973987
500,10,R4_c0_G4_L,4.0,0.0,120,0.009459784002719593,0.005407455538710742,0.004284515366855969,0.011708337230797033
500,10,R4_c0_G4_M,4.0,0.0,120,0.009340532471305825,0.005876703976159221,0.004145785920050346,0.01178850021698315
500,10,R4_c0_G4_F,4.0,0.0,120,0.011265561318008644,0.0067126295968023665,0.004975346604372493,0.014025916788121932
500,10,R4_c0.25_G0.25_L,4.0,0.25,120,0.007188094303014552,0.003787449674236541,0.0030010425936601855,0.008661393155426406
500,10,R4_c0.25_G0.25_M,4.0,0.25,120,0.012225996523538377,0.0075439287859017734,0.005472505404742036,0.015373163887933436
500,10,R4_c0.25_G0.25_F,4.0,0.25,120,0.013927446923397323,0.007895949604767943,0.005679848951786301,0.01698765675660397
500,10,R4_c0.25_G0.5_L,4.0,0.25,120,0.011175454291502834,0.007398623388587351,0.005969427131797053,0.014671893775155806
500,10,R4_c0.25_G0.5_M,4.0,0.25,120,0.012009727292747708,0.0068516036289853095,0.00509357751025259,0.014735079022110631
500,10,R4_c0.25_G0.5_F,4.0,0.25,120,0.008306866694123897,0.004789962302610957,0.003017005025574979,0.010052367505156366
500,10,R4_c0.25_G1_L,4.0,0.25,120,0.01210719063031277,0.007483944928985402,0.005253168972936061,0.015171990011763049
500,10,R4_c0.25_G1_M,4.0,0.25,120,0.008055223830057889,0.005262957258732508,0.003876937631944917,0.010373812966386484
500,10,R4_c0.25_G1_F,4.0,0.25,120,0.008957114915933323,0.005395884606660126,0.004055339402958001,0.011215670108326595
500,10,R4_c0.25_G2_L,4.0,0.25,120,0.010734844555347506,0.005829341739801361,0.004649264589194013,0.013070339474061022
500,10,R4_c0.25_G2_M,4.0,0.25,120,0.02240458531456881,0.012259548869300509,0.00927185847536419,0.027170376169345586
500,10,R4_c0.25_G2_F,4.0,0.25,120,0.0089927198966364,0.006165390633718936,0.005215765129768858,0.012086573488570783
500,10,R4_c0.25_G4_L,4.0,0.25,120,0.0089186618191281,0.0056166742295437454,0.004724129641038114,0.01155019302479959
500,10,R4_c0.25_G4_M,4.0,0.25,120,0.016221041752754402,0.009897952232979334,0.007525488100896238,0.02043831267760803
500,10,R4_c0.25_G4_F,4.0,0.25,120,0.010283253434806296,0.006745580107749735,0.005426602446664558,0.013442327414129972
500,10,R4_c0.5_G0.25_L,4.0,0.5,120,0.014751601078913408,0.007539598553406632,0.005794250639851848,0.017550744178391815
500,10,R4_c0.5_G0.25_M,4.0,0.5,120,0.00797117690629811,0.004076519908761831,0.003220207967145125,0.00951458959649321
500,10,R4_c0.5_G0.25_F,4.0,0.5,120,0.007938844406316838,0.0053614423098846675,0.004759361649538133,0.010696814360407678
500,10,R4_c0.5_G0.5_L,4.0,0.5,120,0.014082286575839388,0.008259565914301603,0.0060694121633304505,0.017417490872830756
500,10,R4_c0.5_G0.5_M,4.0,0.5,120,0.008059994891778902,0.002842365057957202,0.002018129222147308,0.0087815375837881
500,10,R4_c0.5_G0.5_F,4.0,0.5,120,0.012248159464584428,0.005818475020755624,0.004790982294735376,0.014381431541592585
500,10,R4_c0.5_G1_L,4.0,0.5,120,0.009234446396055014,0.004211009340021891,0.003962122956104667,0.010895229149616662
500,10,R4_c0.5_G1_M,4.0,0.5,120,0.008042112823823607,0.004062150440464901,0.0031820278567658753,0.009555205186353213
500,10,R4_c0.5_G1_F,4.0,0.5,120,0.004641973144024175,0.003531789585208924,0.0027691026712734655,0.006456731522069487
500,10,R4_c0.5_G2_L,4.0,0.5,120,0.011211790177784904,0.005110292283045041,0.0039080962169603045,0.012926428054564926
500,10,R4_c0.5_G2_M,4.0,0.5,120,0.009484312877983141,0.004651941225920968,0.0033891449067077186,0.011094099834396786
500,10,R4_c0.5_G2_F,4.0,0.5,120,0.008976575085924645,0.006003572071789898,0.004664304919323205,0.011763397395091323
500,10,R4_c0.5_G4_L,4.0,0.5,120,0.011003255510747186,0.00686388947697996,0.005204499928566676,0.013973955420475446
500,10,R4_c0.5_G4_M,4.0,0.5,120,0.007543337155417496,0.0051611508402064155,0.004282909241426476,0.010093697291179374
500,10,R4_c0.5_G4_F,4.0,0.5,120,0.010697431596949062,0.006169957100878132,0.005019900513112453,0.013330521916250214
500,10,R4_c0.75_G0.25_L,4.0,0.75,120,0.02293071063386071,0.010833647694473173,0.008171154188941017,0.026644946487491113
500,10,R4_c0.75_G0.25_M,4.0,0.75,120,0.010288861390503912,0.005390523228604115,0.004342910314872735,0.012400777370558292
500,10,R4_c0.75_G0.25_F,4.0,0.75,120,0.014236822603448902,0.007432176092986492,0.005616044726405758,0.01701365092178112
500,10,R4_c0.75_G0.5_L,4.0,0.75,120,0.01966985193454887,0.008152016087906503,0.006183755108157049,0.022171992888827582
500,10,R4_c0.75_G0.5_M,4.0,0.75,120,0.01241906618389986,0.004525347094444486,0.0035051946122776636,0.013674734384083025
500,10,R4_c0.75_G0.5_F,4.0,0.75,120,0.013861137975346762,0.006808086021169029,0.005310037320811406,0.01633026875442187
500,10,R4_c0.75_G1_L,4.0,0.75,120,0.0031681629729293057,0.002505467437914481,0.002613562755298679,0.004810959777567719
500,10,R4_c0.75_G1_M,4.0,0.75,120,0.010649441846076513,0.005067714455832751,0.0040454937369655665,0.01246829423035282
500,10,R4_c0.75_G1_F,4.0,0.75,120,0.004066381835183057,0.0026492644403545897,0.002723337014222049,0.005565126036080936
500,10,R4_c0.75_G2_L,4.0,0.75,120,0.016875076486829305,0.007134221347404282,0.0049303344441900725,0.018972968096786155
500,10,R4_c0.75_G2_M,4.0,0.75,120,0.013103822656377662,0.006937973996071918,0.005599552046427651,0.015849310221603297
500,10,R4_c0.75_G2_F,4.0,0.75,120,0.010680391271795597,0.004211702286642246,0.0037598500024646356,0.012080797403772171
500,10,R4_c0.75_G4_L,4.0,0.75,120,0.012680910959120856,0.005756684056770996,0.00467986684078515,0.01469170064118219
500,10,R4_c0.75_G4_M,4.0,0.75,120,0.012693198748373888,0.005049150460953459,0.0035394104466621593,0.014111649129460675
500,10,R4_c0.75_G4_F,4.0,0.75,120,0.010470655590508934,0.004738407575282381,0.0036298668490800786,0.012052512940735637
500,10,R4_c1_G0.25_C,4.0,1.0,120,0.02145337015880576,0.00878871063334011,0.007122746187505739,0.024253289241233867
500,10,R4_c1_G0.5_C,4.0,1.0,120,0.018685273121927644,0.006930186315734381,0.005205885999267269,0.02059777082718396
500,10,R4_c1_G1_C,4.0,1.0,120,0.012737783008783437,0.004772271770926556,0.0037688690867068247,0.01411488816913435
500,10,R4_c1_G2_C,4.0,1.0,120,0.017013063155365608,0.006841898223478233,0.005532597222461255,0.01915373387240408
500,10,R4_c1_G4_C,4.0,1.0,120,0.01895835209134192,0.007083585898668795,0.006140677123619348,0.02114956781448855
500,10,R6_c0_G0.25_L,6.0,0.0,120,0.008829338512578068,0.006937507680663335,0.00607608350250533,0.012767342014623657
500,10,R6_c0_G0.25_M,6.0,0.0,120,0.009434086120821885,0.007481225477138236,0.006507467494642819,0.013686411098922144
500,10,R6_c0_G0.25_F,6.0,0.0,120,0.01502008963706285,0.01197098950254696,0.009766920960607394,0.02154763159668005
500,10,R6_c0_G0.5_L,6.0,0.0,120,0.0041002579837665235,0.004691922543446891,0.004390624626329968,0.007622587309862802
500,10,R6_c0_G0.5_M,6.0,0.0,120,0.004443685325891219,0.002700534792966999,0.0022963051871911404,0.0056843860667874415
500,10,R6_c0_G0.5_F,6.0,0.0,120,0.006466789440545934,0.005579130647693558,0.00520755155348585,0.010003232359322801
500,10,R6_c0_G1_L,6.0,0.0,120,0.006337056601986414,0.0050003275235199875,0.004963690113827693,0.009476274651220378
500,10,R6_c0_G1_M,6.0,0.0,120,0.004524149278971773,0.0029606456600563117,0.001899658971372548,0.005730798690439866
500,10,R6_c0_G1_F,6.0,0.0,120,0.009350235739380564,0.007607845044075954,0.006763031866577369,0.013821896202222097
500,10,R6_c0_G2_L,6.0,0.0,120,0.007048065078352438,0.0055682232086783304,0.00443178600114989,0.0100160400463628
500,10,R6_c0_G2_M,6.0,0.0,120,0.006810893929554183,0.0049841380303331465,0.004263443793627017,0.009455520134105153
500,10,R6_c0_G2_F,6.0,0.0,120,0.001370925404106472,0.0015752603855743882,0.0015492653900578983,0.0026002124903199194
500,10,R6_c0_G4_L,6.0,0.0,120,0.008380169981902478,0.006061797913260935,0.005685272920091997,0.011802329051620505
500,10,R6_c0_G4_M,6.0,0.0,120,0.007368118210120264,0.005709276602288749,0.004984778409310887,0.010570384149579408
500,10,R6_c0_G4_F,6.0,0.0,120,0.003974994215621599,0.0030800750302938875,0.0025772744326571706,0.005650644627623772
500,10,R6_c0.25_G0.25_L,6.0,0.25,120,0.008746587439171985,0.005775234531516752,0.0045687831300693284,0.011433717899909494
500,10,R6_c0.25_G0.25_M,6.0,0.25,120,0.004559823598310638,0.004634808016216948,0.00397315012202681,0.007619669184883364
500,10,R6_c0.25_G0.25_F,6.0,0.25,120,0.0074410683838264675,0.005604820346593751,0.004057282836619452,0.010160957328258982
500,10,R6_c0.25_G0.5_L,6.0,0.25,120,0.007697225155064773,0.00494185245438279,0.0039508258914421794,0.009963844940239738
500,10,R6_c0.25_G0.5_M,6.0,0.25,120,0.002895733999862899,0.0037436885208841815,0.0034574426838085213,0.005861261728602728
500,10,R6_c0.25_G0.5_F,6.0,0.25,120,0.006930212379936142,0.005379035828634786,0.0042156756252680816,0.009733128533736535
500,10,R6_c0.25_G1_L,6.0,0.25,120,0.0064809861488902545,0.006056816690519139,0.004751191728192432,0.010062903791784096
500,10,R6_c0.25_G1_M,6.0,0.25,120,0.007441239595187516,0.005295246207198811,0.004484061596998038,0.01017440354583562
500,10,R6_c0.25_G1_F,6.0,0.25,120,0.003973656768030664,0.003602874476074022,0.002838607828794319,0.006068636338268586
500,10,R6_c0.25_G2_L,6.0,0.25,120,0.0044037970097986654,0.004073242636556056,0.0034750190112019025,0.00693256740378227
500,10,R6_c0.25_G2_M,6.0,0.25,120,0.007398697821904999,0.005204966655323268,0.004327635977411103,0.010028002816905858
500,10,R6_c0.25_G2_F,6.0,0.25,120,0.004247323100738693,0.0038847286092390135,0.0026885512217209103,0.006352887340518925
500,10,R6_c0.25_G4_L,6.0,0.25,120,0.00847145493422079,0.0060102721650498545,0.0052340856662684105,0.01163118966238378
500,10,R6_c0.25_G4_M,6.0,0.25,120,0.0055536545928256765,0.003552977675162383,0.0026129328734024126,0.0070918367083233815
500,10,R6_c0.25_G4_F,6.0,0.25,120,0.008320111752266475,0.005930366196032074,0.004529069850988037,0.011176134237936274
500,10,R6_c0.5_G0.25_L,6.0,0.5,120,0.01199260924732635,0.00908281411752538,0.007840901400261157,0.016964666917484505
500,10,R6_c0.5_G0.25_M,6.0,0.5,120,0.004700327655581501,0.004008660844132561,0.003344355037865141,0.0070247528392392445
500,10,R6_c0.5_G0.25_F,6.0,0.5,120,0.003623186546285392,0.00290850913072233,0.002382710916066955,0.005221514858948814
500,10,R6_c0.5_G0.5_L,6.0,0.5,120,0.00516057511529676,0.0030204957707775787,0.0029193056438683914,0.006654117196460192
500,10,R6_c0.5_G0.5_M,6.0,0.5,120,0.006690461714407017,0.005744643472167167,0.00521580066608072,0.01024537862465546
500,10,R6_c0.5_G0.5_F,6.0,0.5,120,0.0065761351535666285,0.004695551774497093,0.003549967035782697,0.00882587253364229
500,10,R6_c0.5_G1_L,6.0,0.5,120,0.004106322019340596,0.004273172827781111,0.004149396803654109,0.007234596075579008
500,10,R6_c0.5_G1_M,6.0,0.5,120,0.004484581640466008,0.0036624847415670475,0.003067257017267003,0.006552353209511061
500,10,R6_c0.5_G1_F,6.0,0.5,120,0.006689852020913224,0.00456216157881868,0.003543832569127183,0.008838901945998307
500,10,R6_c0.5_G2_L,6.0,0.5,120,0.006308811838052865,0.0038347564921313204,0.002933948041548886,0.007944464442138805
500,10,R6_c0.5_G2_M,6.0,0.5,120,0.008400596775716406,0.0058407109364135065,0.005194492503959879,0.011474610355241374
500,10,R6_c0.5_G2_F,6.0,0.5,120,0.006726361074130062,0.004640856415500271,0.004493593796386606,0.009325978060009916
500,10,R6_c0.5_G4_L,6.0,0.5,120,0.008732737163323727,0.006759995527182317,0.006243084211855402,0.012685989845792028
500,10,R6_c0.5_G4_M,6.0,0.5,120,0.0033642516663278175,0.0022767211009035106,0.0020070376023367093,0.004530987550510625
500,10,R6_c0.5_G4_F,6.0,0.5,120,0.009597922272658193,0.0062166821392614525,0.005657094504405611,0.012758133366773398
500,10,R6_c0.75_G0.25_L,6.0,0.75,120,0.006963421607338,0.005737113765932882,0.0051898640016417195,0.010408573543014188
500,10,R6_c0.75_G0.25_M,6.0,0.75,120,0.014827522542279469,0.009693218202798271,0.008148321465742908,0.019498949883979707
500,10,R6_c0.75_G0.25_F,6.0,0.75,120,0.008223277893706221,0.005323034420257633,0.004748290710301853,0.010885920237899221
500,10,R6_c0.75_G0.5_L,6.0,0.75,120,0.008049382515410217,0.004571530209976983,0.004466835690331944,0.01027833004065092
500,10,R6_c0.75_G0.5_M,6.0,0.75,120,0.0029692445506988804,0.0031705416060795713,0.0027914517191510594,0.0051634242492834175
500,10,R6_c0.75_G0.5_F,6.0,0.75,120,0.01072559109934875,0.006226687772772534,0.005086991215381894,0.013404753808832024
500,10,R6_c0.75_G1_L,6.0,0.75,120,0.006109352188760887,0.004566504034210382,0.004674791764230401,0.008945994707112985
500,10,R6_c0.75_G1_M,6.0,0.75,120,0.002698854920255898,0.0020320508228770305,0.00168920727137009,0.0037770980438683707
500,10,R6_c0.75_G1_F,6.0,0.75,120,0.004998381980775858,0.003358180418409324,0.0026793472341731994,0.006590910388527838
500,10,R6_c0.75_G2_L,6.0,0.75,120,0.009204518594512963,0.006208270860060922,0.0051990904361418665,0.012259540407038035
500,10,R6_c0.75_G2_M,6.0,0.75,120,0.01111813172291319,0.006563665148987833,0.005684272228933357,0.014106931061315536
500,10,R6_c0.75_G2_F,6.0,0.75,120,0.00862850664414336,0.005991682781597463,0.005230063485834221,0.011734775393213711
500,10,R6_c0.75_G4_L,6.0,0.75,120,0.0022435856241768935,0.0015945396385552164,0.0015962978143034341,0.0031818862053641928
500,10,R6_c0.75_G4_M,6.0,0.75,120,0.0062890341230890144,0.004512683759751176,0.0036532633626043328,0.008559357342315317
500,10,R6_c0.75_G4_F,6.0,0.75,120,0.00598066459045788,0.004197426962550563,0.0033111026083945476,0.008021854058309734
500,10,R6_c1_G0.25_C,6.0,1.0,120,0.00455734761937606,0.0038344879000007577,0.002794383743542266,0.00657885212520073
500,10,R6_c1_G0.5_C,6.0,1.0,120,0.014605981833841614,0.008145219703530212,0.007238664321052825,0.018222995651159313
500,10,R6_c1_G1_C,6.0,1.0,120,0.008058999031228737,0.004785805327461147,0.003617266029040606,0.010046691571982909
500,10,R6_c1_G2_C,6.0,1.0,120,0.007042139539919622,0.00442980408794738,0.004294813186294598,0.009362708681918103
500,10,R6_c1_G4_C,6.0,1.0,120,0.007479619252994689,0.003848050558151782,0.0034259292014067843,0.009082355870638015
1000,20,R2_c0_G0.25_L,2.0,0.0,120,0.008850220658858397,0.003328403398747042,0.002280330017434408,0.009726488569041103
1000,20,R2_c0_G0.25_M,2.0,0.0,120,0.01173710823528182,0.0049707280950052205,0.003090939864215429,0.013115706491279478
1000,20,R2_c0_G0.25_F,2.0,0.0,120,0.015196245430022872,0.004762041599172318,0.002870789164187673,0.016181605167193892
1000,20,R2_c0_G0.5_L,2.0,0.0,120,0.00658666603589284,0.003970289925590295,0.002289253343258615,0.008024216624147732
1000,20,R2_c0_G0.5_M,2.0,0.0,120,0.010334934135279972,0.003545846663285139,0.0020123031654887195,0.011110052032728805
1000,20,R2_c0_G0.5_F,2.0,0.0,120,0.012658005500053058,0.005206258128799561,0.0030484351629877075,0.01402223890418377
1000,20,R2_c0_G1_L,2.0,0.0,120,0.006808701284114493,0.004837733415609539,0.0029230739852630435,0.008849092569305005
1000,20,R2_c0_G1_M,2.0,0.0,120,0.010345219793663697,0.0039529152502347014,0.0022551403699914373,0.01130198078405349
1000,20,R2_c0_G1_F,2.0,0.0,120,0.007264921164432257,0.003935913697040107,0.0021850185729746343,0.008546625200639594
1000,20,R2_c0_G2_L,2.0,0.0,120,0.012099481322124983,0.004919360646083185,0.0031383366393057588,0.013433045607467142
1000,20,R2_c0_G2_M,2.0,0.0,120,0.01293901051743868,0.004943139220964276,0.0031876550702979256,0.014213154589162117
1000,20,R2_c0_G2_F,2.0,0.0,120,0.005838273362586842,0.0037742918526929743,0.0024043082217721397,0.007356046007936379
1000,20,R2_c0_G4_L,2.0,0.0,120,0.012347787675243907,0.00464724965013011,0.00240431816783607,0.013410650082517489
1000,20,R2_c0_G4_M,2.0,0.0,120,0.00630693218502134,0.003063828895273403,0.0017179125826844541,0.007219118002063401
1000,20,R2_c0_G4_F,2.0,0.0,120,0.007492158062598387,0.002999875714709422,0.002074593471820024,0.00833280413858262
1000,20,R2_c0.25_G0.25_L,2.0,0.25,120,0.009275700691795575,0.0026985338368296715,0.0018730937804315715,0.009840182340921485
1000,20,R2_c0.25_G0.25_M,2.0,0.25,120,0.015460954569529957,0.004078823099099069,0.0024058613208295964,0.016169912886898227
1000,20,R2_c0.25_G0.25_F,2.0,0.25,120,0.012028929853355283,0.00496758910648798,0.003218347562334952,0.013406336411556564
1000,20,R2_c0.25_G0.5_L,2.0,0.25,120,0.0106191035445366,0.0038594490665283484,0.0023507808363358576,0.01154066192760191
1000,20,R2_c0.25_G0.5_M,2.0,0.25,120,0.015142191500110959,0.005121532582400774,0.0031636525212310035,0.016294930398553918
1000,20,R2_c0.25_G0.5_F,2.0,0.25,120,0.009533412964531938,0.003847643112416751,0.002700660449921502,0.010629387900467455
1000,20,R2_c0.25_G1_L,2.0,0.25,120,0.008092872247332263,0.004078784896360303,0.0024508187224993798,0.009388161686558833
1000,20,R2_c0.25_G1_M,2.0,0.25,120,0.007370005837659682,0.004269865850577939,0.003210191510270562,0.009102421104392097
1000,20,R2_c0.25_G1_F,2.0,0.25,120,0.0025391420848827517,0.0018094984097702538,0.0011834944798887915,0.003334994183819673
1000,20,R2_c0.25_G2_L,2.0,0.25,120,0.012725138853632571,0.004507949790662631,0.003048785254680569,0.013840009454061879
1000,20,R2_c0.25_G2_M,2.0,0.25,120,0.007873182171262776,0.0025046743192051768,0.0016325448472796935,0.00842173340978895
1000,20,R2_c0.25_G2_F,2.0,0.25,120,0.01631877788656116,0.004889133901219477,0.002880244543427573,0.01727720899465291
1000,20,R2_c0.25_G4_L,2.0,0.25,120,0.007664897714004115,0.002278832979540465,0.0013362796283164333,0.008107365784263116
1000,20,R2_c0.25_G4_M,2.0,0.25,120,0.009803966470489528,0.002435380990728654,0.0016323393439385922,0.01023295513809453
1000,20,R2_c0.25_G4_F,2.0,0.25,120,0.007471536100556473,0.003039433729999411,0.002081540006408052,0.008330355208468244
1000,20,R2_c0.5_G0.25_L,2.0,0.5,120,0.008410388250695002,0.0027640186920946668,0.0019165285915343259,0.00905800815300173
1000,20,R2_c0.5_G0.25_M,2.0,0.5,120,0.009907809884747373,0.003419012715167291,0.0020975587267025126,0.010688970823738795
1000,20,R2_c0.5_G0.25_F,2.0,0.5,120,0.021536745536077026,0.006896353682104223,0.0046492984869142195,0.023086946069474607
1000,20,R2_c0.5_G0.5_L,2.0,0.5,120,0.011291637971292507,0.0036360104056619748,0.0025882920267489774,0.012141701501871527
1000,20,R2_c0.5_G0.5_M,2.0,0.5,120,0.01107820027507429,0.0028014447168916825,0.0017635960610432378,0.011562217992365635
1000,20,R2_c0.5_G0.5_F,2.0,0.5,120,0.005991806389533044,0.0014988195082138098,0.001171689707658583,0.006286577805044996
1000,20,R2_c0.5_G1_L,2.0,0.5,120,0.011870577482905105,0.0030219105893660083,0.00202482522063541,0.012415412621491779
1000,20,R2_c0.5_G1_M,2.0,0.5,120,0.002876932044373123,0.001710606051715438,0.0013818510110560726,0.003621108016735083
1000,20,R2_c0.5_G1_F,2.0,0.5,120,0.013135804442121141,0.004766801190999044,0.0030532915228855236,0.014303647823540818
1000,20,R2_c0.5_G2_L,2.0,0.5,120,0.004320576411368301,0.0016433155097145163,0.001050017810403971,0.0047402957495398974
1000,20,R2_c0.5_G2_M,2.0,0.5,120,0.007324866550900811,0.0036987888896146425,0.0024377438680442095,0.008560216376040352
1000,20,R2_c0.5_G2_F,2.0,0.5,120,0.0035633273477454945,0.0016779412436241953,0.0014251587345945874,0.004188539843792499
1000,20,R2_c0.5_G4_L,2.0,0.5,120,0.00441913610270672,0.0012960471736149471,0.0008174435852629045,0.004677255197823687
1000,20,R2_c0.5_G4_M,2.0,0.5,120,0.009837360845910782,0.002858887510429749,0.0017220858821082139,0.010388093472591885
1000,20,R2_c0.5_G4_F,2.0,0.5,120,0.006254130497493596,0.0022634565198064696,0.0018705133769618147,0.006909139164188763
1000,20,R2_c0.75_G0.25_L,2.0,0.75,120,0.008825248517788369,0.002441757317320712,0.0016243420663937418,0.009299767596347305
1000,20,R2_c0.75_G0.25_M,2.0,0.75,120,0.014978606921872984,0.0034439571748011233,0.0025602628542547,0.015581221140357447
1000,20,R2_c0.75_G0.25_F,2.0,0.75,120,0.0063727087353703535,0.002047294932700993,0.0013867751072726689,0.006835640303986153
1000,20,R2_c0.75_G0.5_L,2.0,0.75,120,0.0058854620786877795,0.0023113062523300947,0.001612265603453977,0.006525350630258338
1000,20,R2_c0.75_G0.5_M,2.0,0.75,120,0.011382824351514172,0.0025414230389683465,0.001795963763031793,0.01180055113622014
1000,20,R2_c0.75_G0.5_F,2.0,0.75,120,0.00373649094265387,0.0012205358670779505,0.0010746313788341196,0.004075034351724296
1000,20,R2_c0.75_G1_L,2.0,0.75,120,0.010554259259302883,0.003128236995089497,0.0020161754755070203,0.011191211675152211
1000,20,R2_c0.75_G1_M,2.0,0.75,120,0.016630863321743756,0.0036750640218899725,0.002491191864787756,0.017213301464236795
1000,20,R2_c0.75_G1_F,2.0,0.75,120,0.012820026931358641,0.0028310106100333274,0.00192038097072547,0.013268593545195611
1000,20,R2_c0.75_G2_L,2.0,0.75,120,0.013761476766882792,0.003772902075180897,0.002412518973544121,0.014471809861661035
1000,20,R2_c0.75_G2_M,2.0,0.75,120,0.0026458069554026777,0.0015563387091179289,0.0012156927988574517,0.0033015744129051387
1000,20,R2_c0.75_G2_F,2.0,0.75,120,0.0069482235158424156,0.0022569464968018086,0.001693290192414461,0.007499256575905274
1000,20,R2_c0.75_G4_L,2.0,0.75,120,0.0017511493807170848,0.000782522343901936,0.0007591266257098017,0.002062798731372782
1000,20,R2_c0.75_G4_M,2.0,0.75,120,0.0036462125601761106,0.0009023068307787478,0.0008782457389782747,0.003857504274643064
1000,20,R2_c0.75_G4_F,2.0,0.75,120,0.012143252096557294,0.003563821348023081,0.00260317975457435,0.01292036914781439
1000,20,R2_c1_G0.25_C,2.0,1.0,120,0.00292021484640609,0.001547197305720844,0.0012286984472022586,0.003525787022234557
1000,20,R2_c1_G0.5_C,2.0,1.0,120,0.009878747154474775,0.0020752349685542798,0.0015756940228174464,0.010216606930399963
1000,20,R2_c1_G1_C,2.0,1.0,120,0.0072030433593723965,0.0019845166572627537,0.001575787302839425,0.0076357871646440005
1000,20,R2_c1_G2_C,2.0,1.0,120,0.010128027726621972,0.002377180624603072,0.0017118844140120199,0.010543172274042997
1000,20,R2_c1_G4_C,2.0,1.0,120,0.01596497607323395,0.0043792543125947825,0.0032177238682169628,0.016864521227873786
1000,20,R4_c0_G0.25_L,4.0,0.0,120,0.0029488103235928,0.0026633484856598117,0.0023192888582704435,0.004600870383817752
1000,20,R4_c0_G0.25_M,4.0,0.0,120,0.0014945802494470296,0.0011784775460562575,0.0010844696315804132,0.002190582988707819
1000,20,R4_c0_G0.25_F,4.0,0.0,120,0.00835771906275342,0.005966589481693426,0.004388311837871624,0.011167315647073416
1000,20,R4_c0_G0.5_L,4.0,0.0,120,0.004339517881583969,0.0026082568398793794,0.0021911831021332634,0.005516856222019833
1000,20,R4_c0_G0.5_M,4.0,0.0,120,0.002877672881952899,0.0027383547495620103,0.0020555116279179155,0.004472663189027505
1000,20,R4_c0_G0.5_F,4.0,0.0,120,0.005736790725914465,0.004379669883587223,0.0032329469053022043,0.007908490489002452
1000,20,R4_c0_G1_L,4.0,0.0,120,0.0060577259128933416,0.0032925992258242445,0.002142536754179436,0.0072199526757900315
1000,20,R4_c0_G1_M,4.0,0.0,120,0.007775240958953399,0.0056284210566494765,0.00392268360949683,0.010369230552983999
1000,20,R4_c0_G1_F,4.0,0.0,120,0.007220215814055359,0.004824810584603183,0.0037069177918858586,0.0094420100134788
1000,20,R4_c0_G2_L,4.0,0.0,120,0.003849009906015001,0.0026582158380018296,0.0019490305080178687,0.005067515033938209
1000,20,R4_c0_G2_M,4.0,0.0,120,0.004782927438387518,0.0033641404511183504,0.0026887616571576525,0.006436091601642423
1000,20,R4_c0_G2_F,4.0,0.0,120,0.0028364748211458122,0.002585181222743537,0.002193080544657337,0.00442022099456288
1000,20,R4_c0_G4_L,4.0,0.0,120,0.004015592231847434,0.003936972539767085,0.00302689601433285,0.006386457017230888
1000,20,R4_c0_G4_M,4.0,0.0,120,0.0037569840029333043,0.0029896800323796417,0.001998669524024818,0.005200749499886712
1000,20,R4_c0_G4_F,4.0,0.0,120,0.0021257363626432397,0.0018840804743871194,0.0017753758259312098,0.003349697544664507
1000,20,R4_c0.25_G0.25_L,4.0,0.25,120,0.0058151890258739064,0.0032539333188367063,0.002441121822562501,0.007096730317735826
1000,20,R4_c0.25_G0.25_M,4.0,0.25,120,0.0013770360797188538,0.0014103355869135128,0.0013155756516462708,0.002369813099754211
1000,20,R4_c0.25_G0.25_F,4.0,0.25,120,0.00727640962930461,0.004089917037352827,0.0028364516595442,0.008815838955130523
1000,20,R4_c0.25_G0.5_L,4.0,0.25,120,0.0051491710932771535,0.004075935196711597,0.0031977301554919,0.007304292492978063
1000,20,R4_c0.25_G0.5_M,4.0,0.25,120,0.011851500875157711,0.00725894471260017,0.005553391320619811,0.014966312387972708
1000,20,R4_c0.25_G0.5_F,4.0,0.25,120,0.003491032437133895,0.0030438597254865436,0.002614431563185363,0.005318612780052699
1000,20,R4_c0.25_G1_L,4.0,0.25,120,0.004151954777451794,0.0025893121203930296,0.001967913524115826,0.005274082798858679
1000,20,R4_c0.25_G1_M,4.0,0.25,120,0.004038095373928368,0.003787589177772064,0.0032026373072386034,0.006396009048636054
1000,20,R4_c0.25_G1_F,4.0,0.25,120,0.009931031095111547,0.005648817971130609,0.004179021613652255,0.012165473469224832
1000,20,R4_c0.25_G2_L,4.0,0.25,120,0.003495188958950267,0.0017888681547226892,0.001539854241848982,0.004217528449209218
1000,20,R4_c0.25_G2_M,4.0,0.25,120,0.003741928847799071,0.0027457423134973013,0.0019045680769468525,0.005016822890420333
1000,20,R4_c0.25_G2_F,4.0,0.25,120,0.00963470816639566,0.005349906952320809,0.003893880900592128,0.011688088565633728
1000,20,R4_c0.25_G4_L,4.0,0.25,120,0.007795390721909454,0.0049694939115673496,0.0037220053452953795,0.009965807043824616
1000,20,R4_c0.25_G4_M,4.0,0.25,120,0.00226328897378424,0.0019242921259901473,0.0013610425087365624,0.0032676924389527413
1000,20,R4_c0.25_G4_F,4.0,0.25,120,0.010696691839093485,0.006077116622993062,0.004527466865023923,0.013109100616132189
1000,20,R4_c0.5_G0.25_L,4.0,0.5,120,0.0038540701835799904,0.002923635529827611,0.0027619505278322076,0.005570446338438536
1000,20,R4_c0.5_G0.25_M,4.0,0.5,120,0.0042877345000116645,0.0021669352093831645,0.0020008773099023506,0.005204208427180526
1000,20,R4_c0.5_G0.25_F,4.0,0.5,120,0.007006818445403726,0.003795134731961548,0.003044479822655511,0.008530381571251503
1000,20,R4_c0.5_G0.5_L,4.0,0.5,120,0.007872989739103668,0.0027900266099857205,0.0022094492168597225,0.008640016305444228
1000,20,R4_c0.5_G0.5_M,4.0,0.5,120,0.0049124878206004636,0.0030930116049640278,0.002793888454724616,0.006442442865360433
1000,20,R4_c0.5_G0.5_F,4.0,0.5,120,0.0008616475206305347,0.0010778530775465444,0.0010245472262497652,0.0017186915736691656
1000,20,R4_c0.5_G1_L,4.0,0.5,120,0.006142627860441722,0.003852285231084074,0.002685965665565173,0.007732165937827401
1000,20,R4_c0.5_G1_M,4.0,0.5,120,0.006589402183201168,0.0035341232798259906,0.0027736883292440637,0.007975186232105747
1000,20,R4_c0.5_G1_F,4.0,0.5,120,0.0033155255599409722,0.002408136353289342,0.002048604482756286,0.004581332858614918
1000,20,R4_c0.5_G2_L,4.0,0.5,120,0.004703834247979554,0.0029227230212461384,0.0021056254600296254,0.005924696200592272
1000,20,R4_c0.5_G2_M,4.0,0.5,120,0.005539794616130957,0.0033123239283696037,0.00247355237008867,0.006912255458454545
1000,20,R4_c0.5_G2_F,4.0,0.5,120,0.006044261176326185,0.003562640056896803,0.0026883440523254995,0.00751350058802976
1000,20,R4_c0.5_G4_L,4.0,0.5,120,0.009096136520242897,0.004581814433328241,0.003681579028130434,0.010829900610657578
1000,20,R4_c0.5_G4_M,4.0,0.5,120,0.0013061420850642475,0.001218258049077841,0.0011549752682343815,0.0021269996922312915
1000,20,R4_c0.5_G4_F,4.0,0.5,120,0.004847703809067711,0.0026169029377377403,0.0018431378913385788,0.005809093775493561
1000,20,R4_c0.75_G0.25_L,4.0,0.75,120,0.008406579283185537,0.003606743868697819,0.002974137232402423,0.009618974418098631
1000,20,R4_c0.75_G0.25_M,4.0,0.75,120,0.011208178568879784,0.0048625234390118595,0.003513733413757359,0.01271273863216698
1000,20,R4_c0.75_G0.25_F,4.0,0.75,120,0.007374699655700341,0.0029792792514480035,0.0022677139345076533,0.00827072103015544
1000,20,R4_c0.75_G0.5_L,4.0,0.75,120,0.011238464525932792,0.0042941229830542535,0.0028630290760139517,0.012366871576285807
1000,20,R4_c0.75_G0.5_M,4.0,0.75,120,0.00800306797320474,0.0034722429193306302,0.002696586854501896,0.009131108834005296
1000,20,R4_c0.75_G0.5_F,4.0,0.75,120,0.004437363473880163,0.002812835958958279,0.002059472840948831,0.005643019503239415
1000,20,R4_c0.75_G1_L,4.0,0.75,120,0.003144984495649401,0.0022292416757803465,0.002120411213945277,0.004399612442378984
1000,20,R4_c0.75_G1_M,4.0,0.75,120,0.0032433260045375027,0.0017045356972440243,0.0011128834626765718,0.003829244718790818
1000,20,R4_c0.75_G1_F,4.0,0.75,120,0.005126756904183339,0.002382246266948475,0.0021630844628369697,0.006052905750492749
1000,20,R4_c0.75_G2_L,4.0,0.75,120,0.007093915863156768,0.003497667241628381,0.0024530676640202296,0.008280993863720054
1000,20,R4_c0.75_G2_M,4.0,0.75,120,0.0076887023167817635,0.004535923163056889,0.00353553524454833,0.009601601518636602
1000,20,R4_c0.75_G2_F,4.0,0.75,120,0.006767842480971194,0.0031496654969762907,0.002420765253037962,0.007847559429554974
1000,20,R4_c0.75_G4_L,4.0,0.75,120,0.00586298929924945,0.0028490159471480808,0.001994882441446588,0.006816970833545464
1000,20,R4_c0.75_G4_M,4.0,0.75,120,0.00748927344229843,0.0031569034609901913,0.002417686319878127,0.008479414089243093
1000,20,R4_c0.75_G4_F,4.0,0.75,120,0.007212716202156287,0.0035693905884631037,0.002825005449293294,0.008529037458845729
1000,20,R4_c1_G0.25_C,4.0,1.0,120,0.0037542175018563527,0.0017838141157861275,0.0015157759756518627,0.004424219553693708
1000,20,R4_c1_G0.5_C,4.0,1.0,120,0.011081138598019635,0.004533600005299552,0.003707829626766584,0.012533681110420062
1000,20,R4_c1_G1_C,4.0,1.0,120,0.006094086151829834,0.0024634901857926617,0.0019657700166551204,0.006860825145695027
1000,20,R4_c1_G2_C,4.0,1.0,120,0.0067640294407267255,0.00265253164385415,0.0024389630917196568,0.007663978037510038
1000,20,R4_c1_G4_C,4.0,1.0,120,0.008148404620043478,0.002962720042920989,0.002233497480712537,0.008953363552376331
1000,20,R6_c0_G0.25_L,6.0,0.0,120,0.004925491565696037,0.0032413882123955313,0.0025752515347789995,0.006434204315576331
1000,20,R6_c0_G0.25_M,6.0,0.0,120,0.006048561277942713,0.004977988206537195,0.004003047861512844,0.008797150237378804
1000,20,R6_c0_G0.25_F,6.0,0.0,120,0.0023615173286915363,0.002880692299801492,0.0027832906784915146,0.004649931098502834
1000,20,R6_c0_G0.5_L,6.0,0.0,120,0.001835965269492647,0.0017687842068787264,0.0016429313175949595,0.0030329176308665426
1000,20,R6_c0_G0.5_M,6.0,0.0,120,0.004340614932506418,0.0033586693736262245,0.0023326800691564277,0.005963471661597136
1000,20,R6_c0_G0.5_F,6.0,0.0,120,0.0017867166452622948,0.0012614885419291156,0.0012218775671038462,0.0025053332115444063
1000,20,R6_c0_G1_L,6.0,0.0,120,0.003252911876496492,0.0025747474844994996,0.002247724109893068,0.004718370900997824
1000,20,R6_c0_G1_M,6.0,0.0,120,0.0023169158224895224,0.001975185819465316,0.0016281821294958925,0.0034525982964615145
1000,20,R6_c0_G1_F,6.0,0.0,120,0.001618980557735805,0.0016833048258679693,0.0015014639779247162,0.002776509906361302
1000,20,R6_c0_G2_L,6.0,0.0,120,0.006759572416150921,0.005107674751740208,0.00438102765360899,0.009538006286454181
1000,20,R6_c0_G2_M,6.0,0.0,120,0.005119399716155369,0.0036690625294524973,0.002321175624797876,0.006712535257260095
1000,20,R6_c0_G2_F,6.0,0.0,120,0.0021760598877618503,0.0017936344314286577,0.0014584909090028673,0.0031748317814297706
1000,20,R6_c0_G4_L,6.0,0.0,120,0.0016146392354926288,0.001193679351130738,0.0009773782865784841,0.002233203656002563
1000,20,R6_c0_G4_M,6.0,0.0,120,0.004318582545156904,0.003715034126736493,0.002939909849152297,0.006410515087205812
1000,20,R6_c0_G4_F,6.0,0.0,120,0.002645037352802485,0.0025343339495349725,0.0023896131636700953,0.004373708064957161
1000,20,R6_c0.25_G0.25_L,6.0,0.25,120,0.006808813570793482,0.0049004239234981305,0.003471185347575161,0.009078723731287057
1000,20,R6_c0.25_G0.25_M,6.0,0.25,120,0.003996751217629854,0.003618369201411202,0.003079191453555382,0.006208706466003637
1000,20,R6_c0.25_G0.25_F,6.0,0.25,120,0.0016694892292984796,0.0014957931802739406,0.0014027163202471398,0.002644277708559624
1000,20,R6_c0.25_G0.5_L,6.0,0.25,120,0.002291163112078405,0.001360608758045059,0.0012032475409018966,0.0029237799580857965
1000,20,R6_c0.25_G0.5_M,6.0,0.25,120,0.004145818650595275,0.003038375849154185,0.002690572584884927,0.0058016136478467265
1000,20,R6_c0.25_G0.5_F,6.0,0.25,120,0.005254653800719718,0.003977932926132716,0.003418451533939861,0.007424361778639613
1000,20,R6_c0.25_G1_L,6.0,0.25,120,0.0016496112925995646,0.0016673719136721821,0.0014689286229958016,0.002767507509408273
1000,20,R6_c0.25_G1_M,6.0,0.25,120,0.0038252582505955996,0.003238397342927505,0.002978846181408754,0.005830381000151118
1000,20,R6_c0.25_G1_F,6.0,0.25,120,0.005645026530506451,0.004273367932065282,0.0035370772251404788,0.007914474923172925
1000,20,R6_c0.25_G2_L,6.0,0.25,120,0.0025036263453645183,0.0018134624822420474,0.0013578172358155282,0.00337645652979281
1000,20,R6_c0.25_G2_M,6.0,0.25,120,0.004116951036376573,0.004390698560424515,0.0032563588393095685,0.006843346591747754
1000,20,R6_c0.25_G2_F,6.0,0.25,120,0.001403180702105073,0.0012284794939510827,0.001068300288818434,0.002149265794849009
1000,20,R6_c0.25_G4_L,6.0,0.25,120,0.0020695011942886772,0.001970823894244398,0.001330004994319441,0.003152125521009843
1000,20,R6_c0.25_G4_M,6.0,0.25,120,0.002282192431403799,0.0017541019241034772,0.0015205188502253452,0.003255342290449794
1000,20,R6_c0.25_G4_F,6.0,0.25,120,0.0011174109201501333,0.00062388341706736,0.0010249828359765432,0.0016396424904865483
1000,20,R6_c0.5_G0.25_L,6.0,0.5,120,0.004631460227903596,0.003740847058539034,0.0032000724218122414,0.0067590549681798145
1000,20,R6_c0.5_G0.25_M,6.0,0.5,120,0.0023729118262253756,0.001952644730198725,0.001496211417705082,0.003417920505787715
1000,20,R6_c0.5_G0.25_F,6.0,0.5,120,0.0021794654274432776,0.0023574316847098193,0.001883163926989902,0.0037220773868110687
1000,20,R6_c0.5_G0.5_L,6.0,0.5,120,0.0014067661023743339,0.0013152012901108392,0.0009220713309163813,0.0021351723208201715
1000,20,R6_c0.5_G0.5_M,6.0,0.5,120,0.004871299880353806,0.003428539234823642,0.0026987285990262636,0.006539692642644786
1000,20,R6_c0.5_G0.5_F,6.0,0.5,120,0.0023988181395377763,0.0015910093880484324,0.0011879309023950474,0.003113971606854956
1000,20,R6_c0.5_G1_L,6.0,0.5,120,0.0026916942845547683,0.0019594175624243117,0.0012827632032519462,0.0035679149010393774
1000,20,R6_c0.5_G1_M,6.0,0.5,120,0.002707521151547759,0.001888847641642449,0.001852718755540737,0.003785628479730831
1000,20,R6_c0.5_G1_F,6.0,0.5,120,0.003596771391294925,0.00231411042372501,0.0014830109617454488,0.004526719894922541
1000,20,R6_c0.5_G2_L,6.0,0.5,120,0.00230831429660368,0.0016373148668155483,0.001465440457388729,0.003186946908743829
1000,20,R6_c0.5_G2_M,6.0,0.5,120,0.0016406458101144356,0.0012428068500132873,0.0011763665288496885,0.002370680440481987
1000,20,R6_c0.5_G2_F,6.0,0.5,120,0.002676301720056491,0.0024727567320922007,0.002172533885149791,0.004242289503912796
1000,20,R6_c0.5_G4_L,6.0,0.5,120,0.003623403093522735,0.0028377749851540785,0.002600784723861863,0.0052864069105952845
1000,20,R6_c0.5_G4_M,6.0,0.5,120,0.005098634240759942,0.0037703530336275254,0.0033665746776845814,0.0071795165700526825
1000,20,R6_c0.5_G4_F,6.0,0.5,120,0.0015711487973047514,0.0016090952044360307,0.0013675053341407457,0.0026320651130081474
1000,20,R6_c0.75_G0.25_L,6.0,0.75,120,0.0032464426300114523,0.0022962730274617964,0.0018956905775091158,0.004405213085908681
1000,20,R6_c0.75_G0.25_M,6.0,0.75,120,0.0015287732915589538,0.0011203597269746793,0.0009934548177827655,0.002139931346979749
1000,20,R6_c0.75_G0.25_F,6.0,0.75,120,0.0022207688729192366,0.0017244503476786888,0.0015930336818797504,0.0032316094597180955
1000,20,R6_c0.75_G0.5_L,6.0,0.75,120,0.004100215823097129,0.0027863113264567077,0.002482362223625079,0.005544134090477777
1000,20,R6_c0.75_G0.5_M,6.0,0.75,120,0.0030565823395555165,0.0019432349231630138,0.0017892803977282922,0.0040398492430755075
1000,20,R6_c0.75_G0.5_F,6.0,0.75,120,0.00192829079414196,0.0016238880413818738,0.0013988586151112814,0.0028830752995346372
1000,20,R6_c0.75_G1_L,6.0,0.75,120,0.003243737069718662,0.0016516304610483382,0.00134355150924167,0.003880057218046575
1000,20,R6_c0.75_G1_M,6.0,0.75,120,0.0015739130827109402,0.0015160136731034437,0.001335295030605924,0.002560959325668045
1000,20,R6_c0.75_G1_F,6.0,0.75,120,0.0050614294742189194,0.003357972300752615,0.0028607975098555115,0.0067140307332860276
1000,20,R6_c0.75_G2_L,6.0,0.75,120,0.004092318390719487,0.0031928377418838022,0.0027233868032501816,0.005861579849932596
1000,20,R6_c0.75_G2_M,6.0,0.75,120,0.00217056158022934,0.0020032750434192145,0.0015702823650648643,0.003345180888859024
1000,20,R6_c0.75_G2_F,6.0,0.75,120,0.0023215535272698927,0.0016470443801961392,0.001444278687349139,0.0031919127333067733
1000,20,R6_c0.75_G4_L,6.0,0.75,120,0.00506627350268039,0.003344789515529707,0.00285780161776605,0.00670982668879496
1000,20,R6_c0.75_G4_M,6.0,0.75,120,0.0055794216279237705,0.0038452432776981678,0.0031382754635072008,0.007467570853475568
1000,20,R6_c0.75_G4_F,6.0,0.75,120,0.004442127000706507,0.0026660284276546022,0.002141920123450861,0.005606070074723648
1000,20,R6_c1_G0.25_C,6.0,1.0,120,0.0009172109182364866,0.0009100030764125697,0.001097248753569791,0.001695091824894162
1000,20,R6_c1_G0.5_C,6.0,1.0,120,0.0028880214891229498,0.0019484197353035122,0.0016993164030816548,0.0038761687043185468
1000,20,R6_c1_G1_C,6.0,1.0,120,0.005280282482432941,0.0032332160053274474,0.0029025110645007316,0.006838102025485063
1000,20,R6_c1_G2_C,6.0,1.0,120,0.0017792751909187934,0.001533932558348784,0.001460366862071944,0.002766123762672128
1000,20,R6_c1_G4_C,6.0,1.0,120,0.004184496953958325,0.0022519803992607063,0.0019474467145410084,0.005135560259827303
2000,40,R2_c0_G0.25_L,2.0,0.0,120,0.005014685550179513,0.0020716313527770263,0.0011283348186310375,0.005541828858050662
2000,40,R2_c0_G0.25_M,2.0,0.0,120,0.0018332167144174266,0.0009230357569483711,0.0007611819562457204,0.0021890812002159123
2000,40,R2_c0_G0.25_F,2.0,0.0,120,0.002848588119053618,0.0021338185505659505,0.00140397835665057,0.003826067315755963
2000,40,R2_c0_G0.5_L,2.0,0.0,120,0.012795029788876493,0.004256239215390231,0.0026138944345502797,0.013735385093685411
2000,40,R2_c0_G0.5_M,2.0,0.0,120,0.005132545026695391,0.0021098667178226856,0.0012925448322355902,0.005697826617348969
2000,40,R2_c0_G0.5_F,2.0,0.0,120,0.005040606524423254,0.001898127483908847,0.0011668588037052063,0.005511094405561636
2000,40,R2_c0_G1_L,2.0,0.0,120,0.0025645085631007545,0.0011993860120050716,0.0007515166419867139,0.0029291651095821676
2000,40,R2_c0_G1_M,2.0,0.0,120,0.006007972039920922,0.0019894402329638443,0.0012666354661688582,0.006454298248234552
2000,40,R2_c0_G1_F,2.0,0.0,120,0.008062064674161208,0.0030270001955644823,0.0018410171622416107,0.008806188800268459
2000,40,R2_c0_G2_L,2.0,0.0,120,0.009733226226051609,0.0036646417322543194,0.0021430714001673848,0.010618759193968671
2000,40,R2_c0_G2_M,2.0,0.0,120,0.00113736979368506,0.0007285410579422069,0.0007602514034451625,0.0015499562307159144
2000,40,R2_c0_G2_F,2.0,0.0,120,0.005707678857053641,0.0017806149317404682,0.001044565320397437,0.006069539041720653
2000,40,R2_c0_G4_L,2.0,0.0,120,0.005744110549560728,0.0025071218127721874,0.0014000275328871993,0.006421880011530515
2000,40,R2_c0_G4_M,2.0,0.0,120,0.002040178828455601,0.0012449487546162801,0.0008514664896026454,0.002537168153003531
2000,40,R2_c0_G4_F,2.0,0.0,120,0.006138521278140356,0.0018073796516854203,0.001218025082032766,0.006513958073857196
2000,40,R2_c0.25_G0.25_L,2.0,0.25,120,0.002209102370689341,0.000471935520935215,0.0005506526551821229,0.0023250967220235764
2000,40,R2_c0.25_G0.25_M,2.0,0.25,120,0.007966579135090477,0.0022197447710620303,0.0014600123630599824,0.008397933440115142
2000,40,R2_c0.25_G0.25_F,2.0,0.25,120,0.0036054377988355207,0.0016095948783591031,0.0012738867786110976,0.004148826932812689
2000,40,R2_c0.25_G0.5_L,2.0,0.25,120,0.002911433606883172,0.001322783480561397,0.000946934391674461,0.00333509917781627
2000,40,R2_c0.25_G0.5_M,2.0,0.25,120,0.0038360452956126005,0.0016574113760530038,0.0011977053432583242,0.004347039690264056
2000,40,R2_c0.25_G0.5_F,2.0,0.25,120,0.00942245975339716,0.0026474802676590223,0.001782313520801059,0.009948293374165411
2000,40,R2_c0.25_G1_L,2.0,0.25,120,0.004057559247738596,0.0024817934110565733,0.0015207634290646328,0.0049935765730839896
2000,40,R2_c0.25_G1_M,2.0,0.25,120,0.006859235962244867,0.0018389685324102505,0.0014619212389454456,0.007250388745290018
2000,40,R2_c0.25_G1_F,2.0,0.25,120,0.004781888584483289,0.0018851116152490263,0.0013372251574787408,0.005311146331833875
2000,40,R2_c0.25_G2_L,2.0,0.25,120,0.01049453426034064,0.0032268989483901084,0.0019848383149987333,0.011157406029237784
2000,40,R2_c0.25_G2_M,2.0,0.25,120,0.004930176806159299,0.0013453442736985706,0.0009514113361991944,0.005198247597547945
2000,40,R2_c0.25_G2_F,2.0,0.25,120,0.004139093672047495,0.001116175854041989,0.0008410317631059355,0.004368670208390999
2000,40,R2_c0.25_G4_L,2.0,0.25,120,0.005682085609344058,0.0019259978804247826,0.001079842346355847,0.0060960334809037
2000,40,R2_c0.25_G4_M,2.0,0.25,120,0.0029355524152106923,0.001687988344428475,0.001145088897775064,0.003574633018532591
2000,40,R2_c0.25_G4_F,2.0,0.25,120,0.010541022640674793,0.0035434181056874796,0.001948727928601516,0.011290106763119824
2000,40,R2_c0.5_G0.25_L,2.0,0.5,120,0.0041844175097941845,0.0017498313270865728,0.0012133735210686975,0.004695054299063683
2000,40,R2_c0.5_G0.25_M,2.0,0.5,120,0.005840631761451309,0.001399026014397955,0.0009721259627810914,0.006084018577334319
2000,40,R2_c0.5_G0.25_F,2.0,0.5,120,0.00858322832765164,0.0027686585935196863,0.0018686167473310332,0.00921026641745384
2000,40,R2_c0.5_G0.5_L,2.0,0.5,120,0.008462374664053836,0.0019850559234030137,0.0013326054205771718,0.008793637994641884
2000,40,R2_c0.5_G0.5_M,2.0,0.5,120,0.0048091774119502564,0.0012786241219873476,0.0008584367734974979,0.005049750560080495
2000,40,R2_c0.5_G0.5_F,2.0,0.5,120,0.0049420138252051615,0.0009282536438444794,0.0007632662725426583,0.005086032921504802
2000,40,R2_c0.5_G1_L,2.0,0.5,120,0.00939785801475249,0.002422147354094138,0.0015579816557938723,0.009829233943201426
2000,40,R2_c0.5_G1_M,2.0,0.5,120,0.0037359841832631567,0.0016441183868709925,0.001303020033451967,0.00428468952144924
2000,40,R2_c0.5_G1_F,2.0,0.5,120,0.014488466956551531,0.004363198313747155,0.0027623341914668038,0.01538127642497586
2000,40,R2_c0.5_G2_L,2.0,0.5,120,0.006767003067427362,0.0021889752961714156,0.0012271320916899767,0.0072173261345373245
2000,40,R2_c0.5_G2_M,2.0,0.5,120,0.0042180922550823655,0.0014403260002146291,0.000861618126686876,0.004539738654979547
2000,40,R2_c0.5_G2_F,2.0,0.5,120,0.006908364431184396,0.0025168516445030816,0.0017463212990879984,0.007557094639750118
2000,40,R2_c0.5_G4_L,2.0,0.5,120,0.003292503880873304,0.001727395381132636,0.0012277995399930907,0.003915605740971807
2000,40,R2_c0.5_G4_M,2.0,0.5,120,0.0027895175970279254,0.0008094411893508441,0.00048666791984854107,0.002945072007159734
2000,40,R2_c0.5_G4_F,2.0,0.5,120,0.004958491461376893,0.002032423298026799,0.0014010287478880498,0.005538976763565491
2000,40,R2_c0.75_G0.25_L,2.0,0.75,120,0.007306608695617288,0.0023624568743647345,0.0017020306455885563,0.007865407899951913
2000,40,R2_c0.75_G0.25_M,2.0,0.75,120,0.007709962913607179,0.002108449236497323,0.0015293475054044357,0.008138058128593762
2000,40,R2_c0.75_G0.25_F,2.0,0.75,120,0.005314238087923348,0.0012079315276142073,0.0008510206723413743,0.00551583730863157
2000,40,R2_c0.75_G0.5_L,2.0,0.75,120,0.003518006458771541,0.0017942790676854898,0.0013448835795537412,0.0041718723205829145
2000,40,R2_c0.75_G0.5_M,2.0,0.75,120,0.004001057555748444,0.0012887014974083532,0.000884681300420659,0.004295564470142223
2000,40,R2_c0.75_G0.5_F,2.0,0.75,120,0.0022640378924598105,0.0010678394578355174,0.0009060463401615254,0.0026621548896945133
2000,40,R2_c0.75_G1_L,2.0,0.75,120,0.002301346333368018,0.0013998505706439104,0.0010064716325613107,0.0028755454636275766
2000,40,R2_c0.75_G1_M,2.0,0.75,120,0.004195098678116307,0.0007958612512311935,0.0006739422101855923,0.0043227822236395754
2000,40,R2_c0.75_G1_F,2.0,0.75,120,0.003421264580247607,0.0013223644414495606,0.0009871323208385018,0.0037984377397702667
2000,40,R2_c0.75_G2_L,2.0,0.75,120,0.0017900432179978286,0.0009783264832018902,0.0007826931456468924,0.002184945306014965
2000,40,R2_c0.75_G2_M,2.0,0.75,120,0.003138932687291368,0.0004260526181217625,0.0003642550910479977,0.0031885891896117633
2000,40,R2_c0.75_G2_F,2.0,0.75,120,0.0016802653017737115,0.0008619691118714001,0.0007015481397829271,0.002014560008189867
2000,40,R2_c0.75_G4_L,2.0,0.75,120,0.004271942750837505,0.0009387306631948296,0.0008297410705558467,0.004451873804211265
2000,40,R2_c0.75_G4_M,2.0,0.75,120,0.005019474484690433,0.001036581377865511,0.0007473814596654608,0.005179594974672009
2000,40,R2_c0.75_G4_F,2.0,0.75,120,0.002333417742740234,0.0009740523108469856,0.000689605329413542,0.0026209104862159717
2000,40,R2_c1_G0.25_C,2.0,1.0,120,0.0021057417905554895,0.0007070949610797594,0.00045551205858652055,0.0022675147205683042
2000,40,R2_c1_G0.5_C,2.0,1.0,120,0.0034607565609994463,0.0011191233256379312,0.000871383922913012,0.0037401314059266537
2000,40,R2_c1_G1_C,2.0,1.0,120,0.004830893931356111,0.00135940124138385,0.0009545373647358262,0.005108487984890057
2000,40,R2_c1_G2_C,2.0,1.0,120,0.01093182486359444,0.002256154865361429,0.0016055566123095476,0.011277093670805727
2000,40,R2_c1_G4_C,2.0,1.0,120,0.0034867790379216087,0.0008208610098156519,0.0007540256092323743,0.003660600425627381
2000,40,R4_c0_G0.25_L,4.0,0.0,120,0.0014062866121082689,0.0013404664417831465,0.0014157910287038787,0.0024039460380591137
2000,40,R4_c0_G0.25_M,4.0,0.0,120,0.004610320306299666,0.003111348390969524,0.0021929645137616785,0.005978681752300059
2000,40,R4_c0_G0.25_F,4.0,0.0,120,0.0033490929609454644,0.0026101642273154125,0.0019346366422283519,0.004666068997782193
2000,40,R4_c0_G0.5_L,4.0,0.0,120,0.0011159840750728197,0.00055510501214287,0.0005342264089244381,0.0013560825514379918
2000,40,R4_c0_G0.5_M,4.0,0.0,120,0.0015930036747275771,0.0014617746658957056,0.0013156971557463347,0.002530909893139039
2000,40,R4_c0_G0.5_F,4.0,0.0,120,0.003268621267024684,0.002252175648090549,0.001878381177861306,0.004391411616603681
2000,40,R4_c0_G1_L,4.0,0.0,120,0.0018641816593699962,0.0018958119763449943,0.001202238080529057,0.0029179877845972517
2000,40,R4_c0_G1_M,4.0,0.0,120,0.0009166107352559584,0.0007747869446593871,0.0006485272392590206,0.0013642058604411667
2000,40,R4_c0_G1_F,4.0,0.0,120,0.0011902088916374237,0.0012716488842329776,0.0011700124435803296,0.002098241456228662
2000,40,R4_c0_G2_L,4.0,0.0,120,0.003235328047592692,0.0018049975445756253,0.0015834735081147718,0.004028988962800131
2000,40,R4_c0_G2_M,4.0,0.0,120,0.004208980107142356,0.002669614956156224,0.0018563975131835496,0.005318699961777045
2000,40,R4_c0_G2_F,4.0,0.0,120,0.0025485821568328945,0.0016091340757274507,0.001227475023512097,0.003254424437153253
2000,40,R4_c0_G4_L,4.0,0.0,120,0.002517489020422239,0.0017843218548486172,0.0013799604223998139,0.0033802139306598343
2000,40,R4_c0_G4_M,4.0,0.0,120,0.004897403365170957,0.003079931308875103,0.0020970561856350632,0.00615371280076404
2000,40,R4_c0_G4_F,4.0,0.0,120,0.0011798284246676539,0.0012491190133840104,0.001026302266351427,0.002001396952922952
2000,40,R4_c0.25_G0.25_L,4.0,0.25,120,0.0006867258090579956,0.0007837115942647986,0.0006618714259229304,0.0012344512887370988
2000,40,R4_c0.25_G0.25_M,4.0,0.25,120,0.0012631465441990191,0.0014887941979390708,0.0013489419922871474,0.0023731185925896297
2000,40,R4_c0.25_G0.25_F,4.0,0.25,120,0.001314299606645814,0.0005988532195906302,0.0005891117988080496,0.0015598273449770844
2000,40,R4_c0.25_G0.5_L,4.0,0.25,120,0.0017315099777563908,0.0010500555146580584,0.0008014375311664721,0.0021778534163932953
2000,40,R4_c0.25_G0.5_M,4.0,0.25,120,0.001101897218777119,0.0009758540693974295,0.0009527924989620042,0.0017533631088814815
2000,40,R4_c0.25_G0.5_F,4.0,0.25,120,0.0037778914920034642,0.0021128384056034134,0.0016284572823635024,0.004624761980256677
2000,40,R4_c0.25_G1_L,4.0,0.25,120,0.0008864787909261548,0.0007983240750307303,0.0010497977614707006,0.001589100788346813
2000,40,R4_c0.25_G1_M,4.0,0.25,120,0.002248227967877671,0.0016775575038120482,0.0010154729463467628,0.002983272277031657
2000,40,R4_c0.25_G1_F,4.0,0.25,120,0.0013609967636486744,0.0011483197467460234,0.0009557270216604523,0.00202098109129229
2000,40,R4_c0.25_G2_L,4.0,0.25,120,0.006843364587423137,0.004200449853752525,0.0030736084344206703,0.008597818715140983
2000,40,R4_c0.25_G2_M,4.0,0.25,120,0.0009453801353002209,0.0009917103413256555,0.0009047000650381824,0.0016418633344443146
2000,40,R4_c0.25_G2_F,4.0,0.25,120,0.0017129308296240924,0.0011395762430591464,0.0008032891643202518,0.0022086284255926365
2000,40,R4_c0.25_G4_L,4.0,0.25,120,0.002474279670675774,0.0013168346798234814,0.0008938086996376932,0.0029419394035658263
2000,40,R4_c0.25_G4_M,4.0,0.25,120,0.001921156112813968,0.0013353278517841463,0.0011333407587389261,0.002599692781267022
2000,40,R4_c0.25_G4_F,4.0,0.25,120,0.004888276455043978,0.003506899638216076,0.002735684092320356,0.006608900001243173
2000,40,R4_c0.5_G0.25_L,4.0,0.5,120,0.0006277974147976407,0.0010988318448531445,0.000891872771226659,0.0015482241624989214
2000,40,R4_c0.5_G0.25_M,4.0,0.5,120,0.004452463080348664,0.0027278980161957625,0.002390384910461116,0.0057428037654784
2000,40,R4_c0.5_G0.25_F,4.0,0.5,120,0.0030767305722465897,0.0022288553580813394,0.001974171397197503,0.004281520749331651
2000,40,R4_c0.5_G0.5_L,4.0,0.5,120,0.0016161649448814463,0.0014327945094353978,0.0014119431570567347,0.0025804016575121033
2000,40,R4_c0.5_G0.5_M,4.0,0.5,120,0.0018849018779510491,0.0009336317876571388,0.000798553542060356,0.00224993581329877
2000,40,R4_c0.5_G0.5_F,4.0,0.5,120,0.002168552032725706,0.0011058602472043847,0.0009952193071139591,0.002629830084670514
2000,40,R4_c0.5_G1_L,4.0,0.5,120,0.0018515779975807728,0.0011442619601602637,0.0010198540684107345,0.002403701070318221
2000,40,R4_c0.5_G1_M,4.0,0.5,120,0.002701310925192039,0.002256502464182444,0.0016296681563900749,0.003878750106074783
2000,40,R4_c0.5_G1_F,4.0,0.5,120,0.003368050030520207,0.0019612305371719614,0.0014240483355508944,0.004149469832401274
2000,40,R4_c0.5_G2_L,4.0,0.5,120,0.0016145513808836858,0.001036127595832695,0.0009117085537444852,0.002124040734856636
2000,40,R4_c0.5_G2_M,4.0,0.5,120,0.0013373850825607828,0.0008259942722457681,0.0008079716245467084,0.0017673945634497056
2000,40,R4_c0.5_G2_F,4.0,0.5,120,0.0009349925003663434,0.0008800831607471885,0.0007255934337617276,0.0014748705626902324
2000,40,R4_c0.5_G4_L,4.0,0.5,120,0.004282611723843586,0.0023770694909734866,0.0019651354143424647,0.005277592229305179
2000,40,R4_c0.5_G4_M,4.0,0.5,120,0.002338143808003263,0.0012686803248727755,0.0012652500605888366,0.0029457297821496365
2000,40,R4_c0.5_G4_F,4.0,0.5,120,0.0007706987324416346,0.0005604219837331788,0.0006986520741902551,0.0011815938628856023
2000,40,R4_c0.75_G0.25_L,4.0,0.75,120,0.0024985710389998014,0.0012098014536274227,0.0011375010764831603,0.0030000642481666823
2000,40,R4_c0.75_G0.25_M,4.0,0.75,120,0.0024228846164179875,0.0017066876776396284,0.0015599661630015542,0.0033491263223700113
2000,40,R4_c0.75_G0.25_F,4.0,0.75,120,0.0035246763855228532,0.0018167624369083456,0.0012857173459778386,0.004168577511402647
2000,40,R4_c0.75_G0.5_L,4.0,0.75,120,0.0018461739567879466,0.001502450546334981,0.001257195811017486,0.0026918872989306706
2000,40,R4_c0.75_G0.5_M,4.0,0.75,120,0.0025427093482688003,0.0014444128842519464,0.0013553786919622347,0.0032231585143445603
2000,40,R4_c0.75_G0.5_F,4.0,0.75,120,0.0018831365637380522,0.0008031829362176203,0.0007180702994942144,0.002169546289373432
2000,40,R4_c0.75_G1_L,4.0,0.75,120,0.005668856307301709,0.0030296557141133848,0.002259581613900081,0.006813255803855419
2000,40,R4_c0.75_G1_M,4.0,0.75,120,0.001536179121589469,0.000889767517033174,0.0005931724012271328,0.0018717334280159486
2000,40,R4_c0.75_G1_F,4.0,0.75,120,0.0018985728793331031,0.0015219292093023658,0.0013464664190947012,0.0027809745259560763
2000,40,R4_c0.75_G2_L,4.0,0.75,120,0.0021585833355030628,0.0010040284451237234,0.0008008470545693389,0.0025117545938529652
2000,40,R4_c0.75_G2_M,4.0,0.75,120,0.0027773718479956445,0.0016027449673611345,0.0014760402087690627,0.0035300538962377333
2000,40,R4_c0.75_G2_F,4.0,0.75,120,0.00637246725315043,0.003276198949332747,0.002654262477151823,0.007641133930621797
2000,40,R4_c0.75_G4_L,4.0,0.75,120,0.0011355848513616088,0.0008131476477178361,0.000906518032396708,0.0016650936894635738
2000,40,R4_c0.75_G4_M,4.0,0.75,120,0.0018088506418494645,0.0013920052688247574,0.0012753086810147118,0.0026145805676678984
2000,40,R4_c0.75_G4_F,4.0,0.75,120,0.002883605830767765,0.0014865924534359285,0.0012189914195156794,0.0034657004761957364
2000,40,R4_c1_G0.25_C,4.0,1.0,120,0.0038285676384779105,0.0019530314923270594,0.001583012416569307,0.0045801954634528625
2000,40,R4_c1_G0.5_C,4.0,1.0,120,0.0021162570912529946,0.0015446804182863705,0.001350892003941441,0.00294779423929637
2000,40,R4_c1_G1_C,4.0,1.0,120,0.005750128455636497,0.002104299006672108,0.0017379619701551443,0.0063649480261434455
2000,40,R4_c1_G2_C,4.0,1.0,120,0.0043179902310415035,0.00145522385672603,0.0010759051449737702,0.004681910719944953
2000,40,R4_c1_G4_C,4.0,1.0,120,0.0015534831886344553,0.0011242637051680083,0.0009828816170252552,0.002154839940509307
2000,40,R6_c0_G0.25_L,6.0,0.0,120,0.0007468133953043481,0.0011041460695755381,0.001080071280339438,0.0017156406269901604
2000,40,R6_c0_G0.25_M,6.0,0.0,120,0.004221469411338778,0.0036283897484212634,0.002882331900663427,0.006268480943809236
2000,40,R6_c0_G0.25_F,6.0,0.0,120,0.0015927272044078604,0.001507661812296493,0.0015400673774433036,0.002679856640752098
2000,40,R6_c0_G0.5_L,6.0,0.0,120,0.003039741229822801,0.002512625174860023,0.0019407349384229446,0.004395425362219282
2000,40,R6_c0_G0.5_M,6.0,0.0,120,0.0007934336222526224,0.000768562944355052,0.0008928665883462489,0.001420364973146583
2000,40,R6_c0_G0.5_F,6.0,0.0,120,0.0008029359424785734,0.0009749963096314975,0.0006671740047165786,0.0014284414878070963
2000,40,R6_c0_G1_L,6.0,0.0,120,0.0019014469730664234,0.001985644096239592,0.0017128004470525066,0.0032391308154716253
2000,40,R6_c0_G1_M,6.0,0.0,120,0.002105945519361806,0.001775567695900574,0.0016268738630546345,0.003199119525672032
2000,40,R6_c0_G1_F,6.0,0.0,120,0.0030961669163148855,0.002312074875358741,0.0021535906134051586,0.0044237871030481084
2000,40,R6_c0_G2_L,6.0,0.0,120,0.0008081293038810573,0.0010283494526133457,0.0008060480251478484,0.0015363232040577258
2000,40,R6_c0_G2_M,6.0,0.0,120,0.0038165771329067228,0.0027409910670864396,0.0024878658648909875,0.005316838308897868
2000,40,R6_c0_G2_F,6.0,0.0,120,0.002644636745246443,0.0019443490617103213,0.0016212114348303044,0.003661000314737222
2000,40,R6_c0_G4_L,6.0,0.0,120,0.0023259709036467734,0.0015927241885123667,0.0009001540710198454,0.002959254692799754
2000,40,R6_c0_G4_M,6.0,0.0,120,0.0009959285053399599,0.0012571150947906199,0.001341931156751364,0.0020911698110768454
2000,40,R6_c0_G4_F,6.0,0.0,120,0.0013401425981082852,0.0013437987018455843,0.0011004584862630644,0.0021938062845964085
2000,40,R6_c0.25_G0.25_L,6.0,0.25,120,0.0019209690848246183,0.001529125433424687,0.0011570729266763531,0.0027142521205012534
2000,40,R6_c0.25_G0.25_M,6.0,0.25,120,0.0018992500263288153,0.001733308089585496,0.0013464360135987678,0.0029024812720581453
2000,40,R6_c0.25_G0.25_F,6.0,0.25,120,0.0019844518217173156,0.0016347836094455822,0.0011873560048849799,0.0028320276772597964
2000,40,R6_c0.25_G0.5_L,6.0,0.25,120,0.0012645919147319642,0.001338329237751121,0.0012353162339967625,0.0022172785249942994
2000,40,R6_c0.25_G0.5_M,6.0,0.25,120,0.00241530215327508,0.0014672282306526787,0.0014173315090242004,0.00316152997438143
2000,40,R6_c0.25_G0.5_F,6.0,0.25,120,0.001439193767664076,0.0013203198870477431,0.001082179743429377,0.0022328538470096416
2000,40,R6_c0.25_G1_L,6.0,0.25,120,0.0007812852441771111,0.0007878733441227969,0.0006141915563023099,0.001268220133486762
2000,40,R6_c0.25_G1_M,6.0,0.25,120,0.00404571376612793,0.0028417064951429404,0.0022661768293203723,0.005438626030876102
2000,40,R6_c0.25_G1_F,6.0,0.25,120,0.0008482171170737533,0.0010325791058745926,0.0009209181344113388,0.0016228931258321796
2000,40,R6_c0.25_G2_L,6.0,0.25,120,0.0010323430207403758,0.0012348866506645512,0.0012033654960377314,0.0020096680495830677
2000,40,R6_c0.25_G2_M,6.0,0.25,120,0.0009357446197649865,0.0008793628064127423,0.0007830747305051843,0.0015040289133779908
2000,40,R6_c0.25_G2_F,6.0,0.25,120,0.0026111864092956873,0.0018185632505523794,0.0015373043182879118,0.003533945575044528
2000,40,R6_c0.25_G4_L,6.0,0.25,120,0.0010878599486660973,0.0009098593187856028,0.000990028137564339,0.001729577682864207
2000,40,R6_c0.25_G4_M,6.0,0.25,120,0.0015860005271487823,0.0015120731655659044,0.0011300619408003208,0.002465522849252486
2000,40,R6_c0.25_G4_F,6.0,0.25,120,0.0032763752063401977,0.0026099036125276673,0.0018496582502853045,0.004579024678056915
2000,40,R6_c0.5_G0.25_L,6.0,0.5,120,0.002405942673437321,0.001939509125516149,0.0017687495889710458,0.003560720559705912
2000,40,R6_c0.5_G0.25_M,6.0,0.5,120,0.0015485021638454025,0.0008919340887442055,0.0005823950556552334,0.0018795183880317618
2000,40,R6_c0.5_G0.25_F,6.0,0.5,120,0.002031743445975234,0.001837265621814885,0.0018141325266951543,0.0032855141484674053
2000,40,R6_c0.5_G0.5_L,6.0,0.5,120,0.0012706868637289684,0.000827976813197336,0.0005988832166133069,0.0016305986066432409
2000,40,R6_c0.5_G0.5_M,6.0,0.5,120,0.0007972593688791639,0.000436017583043652,0.0003934667880030134,0.0009902272200107605
2000,40,R6_c0.5_G0.5_F,6.0,0.5,120,0.00230153898334209,0.001525992791394892,0.0013645736607913559,0.003080226772002029
2000,40,R6_c0.5_G1_L,6.0,0.5,120,0.0005252802853896401,0.0009502783185613647,0.001059322209559028,0.001516941595649568
2000,40,R6_c0.5_G1_M,6.0,0.5,120,0.0012945475535872406,0.00147092049554461,0.001139654772096923,0.0022667760084038296
2000,40,R6_c0.5_G1_F,6.0,0.5,120,0.001750679691099203,0.0011138746860248896,0.0009423408445366476,0.0022789476659801316
2000,40,R6_c0.5_G2_L,6.0,0.5,120,0.0038451259832201546,0.0026655544734495305,0.0022635384447637656,0.0051974783086305544
2000,40,R6_c0.5_G2_M,6.0,0.5,120,0.00339415897111066,0.0024874166656390093,0.001814246646222395,0.004582471787474405
2000,40,R6_c0.5_G2_F,6.0,0.5,120,0.0024364437507509305,0.001923990532592927,0.0016973627548524462,0.0035382252672266027
2000,40,R6_c0.5_G4_L,6.0,0.5,120,0.003258961700966852,0.0022489649274552944,0.0018591459022304292,0.004374368308575874
2000,40,R6_c0.5_G4_M,6.0,0.5,120,0.0003669607056180152,0.0006755027902505909,0.0007713710549639695,0.001089025933364414
2000,40,R6_c0.5_G4_F,6.0,0.5,120,0.0009479904006732517,0.0007394396773301623,0.001101984431206516,0.0016308974593150594
2000,40,R6_c0.75_G0.25_L,6.0,0.75,120,0.0034269193084903856,0.002461078918707299,0.0020597138813403188,0.0046950086969030965
2000,40,R6_c0.75_G0.25_M,6.0,0.75,120,0.0026434331943372166,0.0020491342995203783,0.0018699877920692754,0.003831911373307433
2000,40,R6_c0.75_G0.25_F,6.0,0.75,120,0.0020004886617862863,0.0012618562196489128,0.001035101086756579,0.00258179593787092
2000,40,R6_c0.75_G0.5_L,6.0,0.75,120,0.0015581995525535929,0.0011225531410886367,0.0011091740749861391,0.00221774176331861
2000,40,R6_c0.75_G0.5_M,6.0,0.75,120,0.0025697045270861247,0.0016192152652393871,0.0014417954403114076,0.003362144185399244
2000,40,R6_c0.75_G0.5_F,6.0,0.75,120,0.004459356142337824,0.002695958348779754,0.0022156328182575805,0.005662426812586752
2000,40,R6_c0.75_G1_L,6.0,0.75,120,0.003002716607126716,0.0021819134428027564,0.001872789613309932,0.004157450448330024
2000,40,R6_c0.75_G1_M,6.0,0.75,120,0.0019571860925484802,0.0018674000409460005,0.0017507903252654427,0.0032222704847410604
2000,40,R6_c0.75_G1_F,6.0,0.75,120,0.0028643744135779937,0.0021977718563677266,0.0016651557238577634,0.003975875438000868
2000,40,R6_c0.75_G2_L,6.0,0.75,120,0.0009880270253221188,0.0008659516881945617,0.000691472126718157,0.0014846559975570156
2000,40,R6_c0.75_G2_M,6.0,0.75,120,0.0023249746636267157,0.0015975140230186698,0.0014831199863175896,0.0031870367324620128
2000,40,R6_c0.75_G2_F,6.0,0.75,120,0.002283131787795817,0.0014313976629956894,0.0011841998459401126,0.00294345363564603
2000,40,R6_c0.75_G4_L,6.0,0.75,120,0.0031057344517551174,0.0025759908368871392,0.002378457754306163,0.00468384207308106
2000,40,R6_c0.75_G4_M,6.0,0.75,120,0.0016394597770121974,0.0012966244180150513,0.0010650236726786637,0.00234591957773486
2000,40,R6_c0.75_G4_F,6.0,0.75,120,0.002225129160760948,0.0017176472909919095,0.0013748981165769656,0.0031291942779711605
2000,40,R6_c1_G0.25_C,6.0,1.0,120,0.0009409147720476495,0.0007631742087416139,0.0005982314132315931,0.00135116109510411
2000,40,R6_c1_G0.5_C,6.0,1.0,120,0.000777087983692939,0.0008824748363648142,0.0008448714565133554,0.0014479072308846521
2000,40,R6_c1_G1_C,6.0,1.0,120,0.0022418365424888504,0.0018255129168505194,0.0020575418501250233,0.0035484936181205623
2000,40,R6_c1_G2_C,6.0,1.0,120,0.0008312500005698574,0.0008689542916093463,0.0008328456718912948,0.0014627679370090632
2000,40,R6_c1_G4_C,6.0,1.0,120,0.0029809554358444824,0.0020839422350393223,0.002014198596845069,0.0041576323234509445
