closure,R,c,error,standard_error,ci_low,ci_high,ci_reaches_zero,n_replicates,n_times,tau_start,tau_end
algebraic_qss0,1.0,0.0,0.002274458937885721,0.00015813336598275007,0.0019645232358054395,0.0025843946399660023,False,120,151,0.0,5.0
dynamic_K1,1.0,0.0,0.000555710163852743,0.000581327402061076,0.0,0.0016950909351186876,True,120,151,0.0,5.0
dynamic_K2,1.0,0.0,0.000555710163852743,0.000581327402061076,0.0,0.0016950909351186876,True,120,151,0.0,5.0
dynamic_K3,1.0,0.0,0.000555710163852743,0.000581327402061076,0.0,0.0016950909351186876,True,120,151,0.0,5.0
algebraic_qss0,1.0,0.25,0.0023992909122470605,0.0002230775353570104,0.00196206697718736,0.0028365148473067613,False,120,151,0.0,5.0
dynamic_K1,1.0,0.25,0.0003743620457525181,0.0005295652347659158,0.0,0.0014122908333582115,True,120,151,0.0,5.0
dynamic_K2,1.0,0.25,0.00039593437181495374,0.00053564641905343,0.0,0.0014457820616075258,True,120,151,0.0,5.0
dynamic_K3,1.0,0.25,0.00039558628287813174,0.0005355751438041917,0.0,0.0014452942757492077,True,120,151,0.0,5.0
algebraic_qss0,1.0,0.5,0.0023162791878446783,0.00017087633381569287,0.0019813677277556764,0.00265119064793368,False,120,151,0.0,5.0
dynamic_K1,1.0,0.5,0.00039200427123672833,0.00033963516930084377,0.0,0.001057676970949546,True,120,151,0.0,5.0
dynamic_K2,1.0,0.5,0.00033869517832696465,0.00026282455085075237,0.0,0.0008538218322473553,True,120,151,0.0,5.0
dynamic_K3,1.0,0.5,0.00034031497845269027,0.00026565141531103155,0.0,0.0008609821849044043,True,120,151,0.0,5.0
algebraic_qss0,1.0,0.75,0.002274779982461833,0.0001126546018386303,0.002053981020165418,0.0024955789447582482,False,120,151,0.0,5.0
dynamic_K1,1.0,0.75,0.0005557868629564323,0.0004236773678576808,0.0,0.0013861792450222147,True,120,151,0.0,5.0
dynamic_K2,1.0,0.75,0.00041929957748410197,0.00039934608253010685,0.0,0.0012020035166102714,True,120,151,0.0,5.0
dynamic_K3,1.0,0.75,0.0004258746117883142,0.0004009169843612532,0.0,0.0012116574619267786,True,120,151,0.0,5.0
algebraic_qss0,1.0,1.0,0.002386661604283345,0.00015592071310172801,0.0020810626221601557,0.0026922605864065346,False,120,151,0.0,5.0
dynamic_K1,1.0,1.0,0.00026320158756328987,0.0002571921072511961,0.0,0.0007672888548835972,True,120,151,0.0,5.0
dynamic_K2,1.0,1.0,0.00023259092807963674,0.00013764520058804597,0.0,0.0005023705638769983,True,120,151,0.0,5.0
dynamic_K3,1.0,1.0,0.00022603415009626464,0.00012515304640050006,0.0,0.000471329613596715,True,120,151,0.0,5.0
algebraic_qss0,1.5,0.0,0.002841294065872006,0.0005500944929732445,0.001763128671550625,0.003919459460193387,False,120,151,0.0,5.0
dynamic_K1,1.5,0.0,0.0010181340771891916,0.0016321523266717374,0.0,0.00421709385474905,True,120,151,0.0,5.0
dynamic_K2,1.5,0.0,0.0010181340771891001,0.0016321523266717686,0.0,0.00421709385474902,True,120,151,0.0,5.0
dynamic_K3,1.5,0.0,0.0010181340771891001,0.0016321523266717686,0.0,0.00421709385474902,True,120,151,0.0,5.0
algebraic_qss0,1.5,0.25,0.0032329545987671675,0.0007677360342526947,0.0017282196219982765,0.004737689575536059,False,120,151,0.0,5.0
dynamic_K1,1.5,0.25,0.0006497648021250869,0.0012848452289486057,0.0,0.0031680151765724742,True,120,151,0.0,5.0
dynamic_K2,1.5,0.25,0.0007109922669571298,0.0013252842258698687,0.0,0.0033085016189411186,True,120,151,0.0,5.0
dynamic_K3,1.5,0.25,0.0007095497321122643,0.0013244628265578632,0.0,0.0033054491710277963,True,120,151,0.0,5.0
algebraic_qss0,1.5,0.5,0.002963505594499415,0.00047147936432021854,0.0020394230209779475,0.0038875881680208823,False,120,151,0.0,5.0
dynamic_K1,1.5,0.5,0.000662987478838557,0.0006008931939024016,0.0,0.0018407164974425074,True,120,151,0.0,5.0
dynamic_K2,1.5,0.5,0.0005908995235511358,0.0003057441413032173,0.0,0.0011901470289895667,True,120,151,0.0,5.0
dynamic_K3,1.5,0.5,0.0005912772242506571,0.0003156685932872592,0.0,0.0012099762981441073,True,120,151,0.0,5.0
algebraic_qss0,1.5,0.75,0.003003658698446835,0.00022177089621401032,0.0025689957290482043,0.0034383216678454654,False,120,151,0.0,5.0
dynamic_K1,1.5,0.75,0.0005648044364694461,0.000999155780291971,0.0,0.0025231137807867243,True,120,151,0.0,5.0
dynamic_K2,1.5,0.75,0.00036299497943246433,0.0005217759480298563,0.0,0.0013856570455702255,True,120,151,0.0,5.0
dynamic_K3,1.5,0.75,0.0003732706563400309,0.0005838900141154137,0.0,0.0015176740549388255,True,120,151,0.0,5.0
algebraic_qss0,1.5,1.0,0.0029978769856496,0.00033848975776376626,0.002334449251296931,0.0036613047200022694,False,120,151,0.0,5.0
dynamic_K1,1.5,1.0,0.0006332711481373862,0.000651422849822502,0.0,0.0019100364724959345,True,120,151,0.0,5.0
dynamic_K2,1.5,1.0,0.0008592279077299923,0.0009653277889365165,0.0,0.0027512356073212474,True,120,151,0.0,5.0
dynamic_K3,1.5,1.0,0.0008174771553583643,0.0009558617174224456,0.0,0.00269093169570696,True,120,151,0.0,5.0
algebraic_qss0,2.0,0.0,0.0057044025083543065,0.0009229790609351564,0.0038953967904368,0.007513408226271813,False,120,151,0.0,5.0
dynamic_K1,2.0,0.0,0.0027637145481576447,0.001920553350249164,0.0,0.006527929945033746,True,120,151,0.0,5.0
dynamic_K2,2.0,0.0,0.002763714548157497,0.0019205533502491552,0.0,0.006527929945033581,True,120,151,0.0,5.0
dynamic_K3,2.0,0.0,0.002763714548157497,0.0019205533502491552,0.0,0.006527929945033581,True,120,151,0.0,5.0
algebraic_qss0,2.0,0.25,0.004907603468334522,0.0006747819603467882,0.003585055128637483,0.0062301518080315615,False,120,151,0.0,5.0
dynamic_K1,2.0,0.25,0.0026604304049801437,0.0015604894015942225,0.0,0.00571893343036128,True,120,151,0.0,5.0
dynamic_K2,2.0,0.25,0.002598434938353609,0.0015561464600213743,0.0,0.005648425954665002,True,120,151,0.0,5.0
dynamic_K3,2.0,0.25,0.0026004011328621584,0.0015562612709549058,0.0,0.0056506171744683045,True,120,151,0.0,5.0
algebraic_qss0,2.0,0.5,0.006428276056868974,0.0015481115091240236,0.0033940332549339367,0.009462518858804012,False,120,151,0.0,5.0
dynamic_K1,2.0,0.5,0.004384201722960328,0.0020738830958995677,0.0003194655468507484,0.008448937899069907,False,120,151,0.0,5.0
dynamic_K2,2.0,0.5,0.004237469277561329,0.0020746480866960294,0.00017123374704217965,0.008303704808080478,False,120,151,0.0,5.0
dynamic_K3,2.0,0.5,0.00424894042848918,0.002075023046578704,0.0001819699901043411,0.00831591086687402,False,120,151,0.0,5.0
algebraic_qss0,2.0,0.75,0.006530937569038468,0.0012938463892489742,0.003995045244583287,0.009066829893493649,False,120,151,0.0,5.0
dynamic_K1,2.0,0.75,0.0024767059730400336,0.0018431281362137504,0.0,0.0060891707389114196,True,120,151,0.0,5.0
dynamic_K2,2.0,0.75,0.002360789381942932,0.0018370499478665048,0.0,0.005961341117562465,True,120,151,0.0,5.0
dynamic_K3,2.0,0.75,0.0023828501945410813,0.0018421204937318922,0.0,0.0059933400174387325,True,120,151,0.0,5.0
algebraic_qss0,2.0,1.0,0.0054629981743865,0.0005959341676481667,0.004294988668639239,0.006631007680133761,False,120,151,0.0,5.0
dynamic_K1,2.0,1.0,0.001999567646214981,0.0015169749168893183,0.0,0.004972783848768687,True,120,151,0.0,5.0
dynamic_K2,2.0,1.0,0.0018766626669971687,0.0016328394411236605,0.0,0.0050769691641360535,True,120,151,0.0,5.0
dynamic_K3,2.0,1.0,0.0018239239101673062,0.0016370954205403715,0.0,0.005032571973681888,True,120,151,0.0,5.0
algebraic_qss0,4.0,0.0,0.0327753709133343,0.0003225915824146196,0.032143103030085864,0.03340763879658274,False,120,151,0.0,5.0
dynamic_K1,4.0,0.0,0.0012129513366734635,0.000999526889346259,0.0,0.003171988041371483,True,120,151,0.0,5.0
dynamic_K2,4.0,0.0,0.0012129513366734143,0.0009995268893462513,0.0,0.0031719880413714186,True,120,151,0.0,5.0
dynamic_K3,4.0,0.0,0.0012129513366734143,0.0009995268893462513,0.0,0.0031719880413714186,True,120,151,0.0,5.0
algebraic_qss0,4.0,0.25,0.025932776892074544,0.00027445724630493915,0.025394850574020824,0.026470703210128264,False,120,151,0.0,5.0
dynamic_K1,4.0,0.25,0.0025824237811899998,0.0009116990404922962,0.0007955264970853748,0.0043693210652946245,False,120,151,0.0,5.0
dynamic_K2,4.0,0.25,0.002108569607605172,0.0012207714319187653,0.0,0.004501237647521343,True,120,151,0.0,5.0
dynamic_K3,4.0,0.25,0.002103970198969969,0.001218910644204122,0.0,0.0044929911619825645,True,120,151,0.0,5.0
algebraic_qss0,4.0,0.5,0.021786398396471802,0.00023502236883570678,0.02132576301799253,0.022247033774951075,False,120,151,0.0,5.0
dynamic_K1,4.0,0.5,0.0035171237421305307,0.0006451046566318249,0.002252741848873076,0.004781505635387985,False,120,151,0.0,5.0
dynamic_K2,4.0,0.5,0.0019813221895065144,0.0012804928883313998,0.0,0.004491042133095728,True,120,151,0.0,5.0
dynamic_K3,4.0,0.5,0.001972386718826713,0.0012745919081774467,0.0,0.0044705409538406925,True,120,151,0.0,5.0
algebraic_qss0,4.0,0.75,0.020282515150250237,0.00022939142165665527,0.019832916225440752,0.02073211407505972,False,120,151,0.0,5.0
dynamic_K1,4.0,0.75,0.0040622311238873105,0.00013792766605149183,0.0037918978659547188,0.004332564381819903,False,120,151,0.0,5.0
dynamic_K2,4.0,0.75,0.0008399633580407982,0.0005927402365153589,0.0,0.002001712873798655,True,120,151,0.0,5.0
dynamic_K3,4.0,0.75,0.0006323708800545334,0.0007166817211154972,0.0,0.002037041241819087,True,120,151,0.0,5.0
algebraic_qss0,4.0,1.0,0.02053691327986901,0.00047398696715363975,0.019607915895106506,0.021465910664631514,False,120,151,0.0,5.0
dynamic_K1,4.0,1.0,0.006237382686032269,0.0004021794950546128,0.0054491253604047225,0.007025640011659815,False,120,151,0.0,5.0
dynamic_K2,4.0,1.0,0.0009094186643504726,0.0001444578574197617,0.0006262864665239174,0.0011925508621770278,False,120,151,0.0,5.0
dynamic_K3,4.0,1.0,0.0006187404422593054,0.0003121819235779233,6.875115422140098e-06,0.0012306057690964706,False,120,151,0.0,5.0
