R,c_star,growth_rate_check,qss_identity_residual,qss_admissibility_margin,continued_fraction_depth,depth_c_difference
1.0,0.0,0.0,0.0,8.220635246624326e-18,40,0.0
1.0027907514856846,0.005571149887019388,0.0,1.1102230246251565e-16,8.621838391539171e-18,40,0.0
1.0055815029713693,0.011121718136474808,8.881784197001252e-16,9.967251120259686e-16,9.041342659329631e-18,40,0.0
1.0083722544570537,0.01665188998601243,0.0,0.0,9.47992425073085e-18,40,0.0
1.0111630059427383,0.0221618486173868,-1.1102230246251565e-16,1.1040416905540079e-16,9.938389783903246e-18,40,0.0
1.013953757428423,0.02765177518462765,0.0,0.0,1.0417577387292512e-17,40,0.0
1.0167445089141076,0.03312184884174737,-2.220446049250313e-16,1.852091811902333e-18,1.0918357828139163e-17,40,0.0
1.019535260399792,0.03857224676999105,-4.440892098500626e-16,1.067034489293251e-16,1.1441635677679152e-17,40,0.0
1.0223260118854767,0.04400314420464023,6.661338147750939e-16,2.1464547533952028e-16,1.198835051410521e-17,40,0.0
1.0251167633711613,0.04941471446138788,0.0,0.0,1.2559478164385147e-17,40,0.0
1.027907514856846,0.0548071289622607,0.0,0.0,1.3156031986061915e-17,40,0.0
1.0306982663425306,0.060180557261149965,-1.1102230246251565e-16,1.093298457300529e-16,1.3779064190188431e-17,40,0.0
1.033489017828215,0.06553516706890815,0.0,1.1102230246251565e-16,1.442966720657967e-17,40,0.0
1.0362797693138996,0.07087112427804977,0.0,0.0,1.510897509259466e-17,40,0.0
1.0390705207995843,0.07618859298704905,0.0,0.0,1.581816498669081e-17,40,0.0
1.041861272285269,0.08148773552425155,-1.1102230246251565e-16,1.0872018766100435e-16,1.6558458608025025e-17,40,0.0
1.0446520237709536,0.0867687124714006,0.0,0.0,1.7331123803407514e-17,40,0.0
1.047442775256638,0.09203168268678791,0.0,0.0,1.8137476142946995e-17,40,0.0
1.0502335267423226,0.09727680332803741,0.0,0.0,1.8978880565759067e-17,40,0.0
1.0530242782280073,0.1025042298745229,0.0,0.0,1.9856753077142653e-17,40,0.0
1.055815029713692,0.10771411614943435,0.0,2.220446049250313e-16,2.07725624986669e-17,40,0.0
1.0586057811993763,0.11290661434149338,0.0,1.1102230246251565e-16,2.1727832272642358e-17,40,0.0
1.061396532685061,0.11808187502632832,0.0,0.0,2.272414232248955e-17,40,0.0
1.0641872841707456,0.12324004718750962,0.0,1.1102230246251565e-16,2.376313097055362e-17,40,0.0
1.0669780356564302,0.12838127823725906,0.0,0.0,2.484649691495158e-17,40,0.0
1.0697687871421149,0.1335057140368335,-1.1102230246251565e-16,3.812739390120658e-18,2.5976001267076944e-17,40,0.0
1.0725595386277993,0.13861349891659006,-1.1102230246251565e-16,3.962738168771285e-18,2.7153469651427072e-17,40,0.0
1.075350290113484,0.1437047756957417,0.0,0.0,2.838079436945596e-17,40,0.0
1.0781410415991686,0.14877968570180197,0.0,2.220446049250313e-16,2.9659936629199136e-17,40,0.0
1.0809317930848532,0.15383836878973298,-1.1102230246251565e-16,1.066107295893853e-16,3.0992928842456645e-17,40,0.0
1.0837225445705378,0.1588809633607955,0.0,1.1102230246251565e-16,3.2381876991364037e-17,40,0.0
1.0865132960562223,0.16390760638110907,0.0,0.0,3.382896306622514e-17,40,0.0
1.089304047541907,0.16891843339992946,-1.1102230246251565e-16,1.0616363818683459e-16,3.533644757652203e-17,40,0.0
1.0920947990275915,0.17391357856764103,0.0,2.220446049250313e-16,3.690667213706563e-17,40,0.0
1.0948855505132762,0.17889317465347976,0.0,0.0,3.8542062131296716e-17,40,0.0
1.0976763019989606,0.1838573530629824,-1.1102230246251565e-16,1.0571829111965264e-16,4.0245129453789797e-17,40,0.0
1.1004670534846452,0.18880624385517392,0.0,1.1102230246251565e-16,4.201847533406794e-17,40,0.0
1.1032578049703299,0.19373997575948954,0.0,1.1102230246251565e-16,4.3864793243875156e-17,40,0.0
1.1060485564560145,0.1986586761924457,0.0,0.0,4.578687189011501e-17,40,0.0
1.1088393079416992,0.20356247127405672,-1.1102230246251565e-16,5.895092381959862e-18,4.77875982957032e-17,40,0.0
1.1116300594273836,0.20845148584400527,0.0,0.0,4.986996097064278e-17,40,0.0
1.1144208109130682,0.2133258434775717,-1.1102230246251565e-16,1.0483283373426717e-16,5.203705317567912e-17,40,0.0
1.1172115623987529,0.2181856665013211,0.0,0.0,5.429207628094354e-17,40,0.0
1.1200023138844375,0.2230310760085602,0.0,2.220446049250313e-16,5.663834322205773e-17,40,0.0
1.122793065370122,0.2278621918745616,0.0,0.0,5.907928205621714e-17,40,0.0
1.1255838168558066,0.2326791327715643,-1.1102230246251565e-16,6.7758919114057915e-18,6.1618439620835e-17,40,0.0
1.1283745683414912,0.23748201618354786,-1.1102230246251565e-16,3.261448951487599e-16,6.425948529738492e-17,40,0.0
1.1311653198271758,0.2422709584207924,-1.1102230246251565e-16,1.0395436413258228e-16,6.700621488314014e-17,40,0.0
1.1339560713128605,0.2470460746342217,0.0,0.0,6.986255457356376e-17,40,0.0
1.1367468227985449,0.25180747882953564,-1.1102230246251565e-16,1.1838151017612593e-16,7.283256505817468e-17,40,0.0
1.1395375742842295,0.25655528388113663,-1.1102230246251565e-16,1.0351775149887875e-16,7.592044573276757e-17,40,0.0
1.1423283257699142,0.26128960154584957,0.0,0.0,7.913053903093077e-17,40,0.0
1.1451190772555988,0.2660105424764441,-1.1102230246251565e-16,3.2527225290637844e-16,8.246733487787902e-17,40,0.0
1.1479098287412834,0.2707182162349589,-1.1102230246251565e-16,1.0308288775045335e-16,8.59354752696744e-17,40,0.0
1.1507005802269679,0.2754127313058317,-1.1102230246251565e-16,8.083980568273307e-18,8.953975898097876e-17,40,0.0
1.1534913317126525,0.28009419510884215,-1.1102230246251565e-16,1.0279395042855969e-16,9.328514640455743e-17,40,0.0
1.1562820831983371,0.2847627140118624,0.0,0.0,9.717676452580927e-17,40,0.0
1.1590728346840218,0.2894183933434284,0.0,0.0,1.0121991203568686e-16,40,0.0
1.1618635861697062,0.2940613374051287,0.0,2.220446049250313e-16,1.0542006458542756e-16,40,0.0
1.1646543376553908,0.2986916494838158,0.0,1.1102230246251565e-16,1.0978288018660227e-16,40,0.0
1.1674450891410755,0.3033094318636417,-2.220446049250313e-16,9.312771642482059e-17,1.1431420476005485e-16,40,0.0
1.1702358406267601,0.3079147858379225,0.0,0.0,1.190200778373889e-16,40,0.0
1.1730265921124445,0.31250781172083425,0.0,0.0,1.2390673841873073e-16,40,0.0
1.1758173435981292,0.31708860885894313,0.0,0.0,1.2898063099058673e-16,40,0.0
1.1786080950838138,0.3216572756425694,-2.220446049250313e-16,9.198441141262726e-17,1.342484117076736e-16,40,0.0
1.1813988465694985,0.32621390951699397,-1.1102230246251565e-16,9.661372430865382e-18,1.3971695474271266e-16,40,0.0
1.184189598055183,0.33075860699350507,-1.1102230246251565e-16,1.0121869762541287e-16,1.4539335880823516e-16,40,0.0
1.1869803495408675,0.3352914636602899,0.0,1.1102230246251565e-16,1.5128495385454486e-16,40,0.0
1.1897711010265521,0.33981257419317434,-2.220446049250313e-16,4.23914237578933e-16,1.5739930794807253e-16,40,0.0
1.1925618525122368,0.3443220323662097,-1.1102230246251565e-16,1.0079316743972938e-16,1.6374423433443298e-16,40,0.0
1.1953526039979214,0.348819931062114,-2.220446049250313e-16,2.0130342612439457e-16,1.7032779869060235e-16,40,0.0
1.198143355483606,0.3533063622825672,0.0,0.0,1.7715832657071148e-16,40,0.0
1.2009341069692905,0.35778141715836204,0.0,2.220446049250313e-16,1.8424441105004553e-16,40,0.0
1.2037248584549751,0.36224518595941696,0.0,0.0,1.915949205719458e-16,40,0.0
1.2065156099406598,0.3666977581046457,0.0,1.1102230246251565e-16,1.9921900700238823e-16,40,0.0
1.2093063614263444,0.3711392221716957,0.0,1.1102230246251565e-16,2.071261138971293e-16,40,0.0
1.212097112912029,0.375569665906549,-2.220446049250313e-16,8.859184040205969e-17,2.1532598498639732e-16,40,0.0
1.2148878643977135,0.3799891762329925,-2.220446049250313e-16,8.83116546727692e-17,2.238286728822081e-16,40,0.0
1.217678615883398,0.38439783926195914,-1.1102230246251565e-16,9.952708018507829e-17,2.326445480135033e-16,40,0.0
1.2204693673690827,0.38879574030073905,-2.220446049250313e-16,8.775245009083699e-17,2.4178430779438546e-16,40,0.0
1.2232601188547674,0.393182963862067,-2.220446049250313e-16,1.9849573366704916e-16,2.512589860308623e-16,40,0.0
1.226050870340452,0.3975595936730856,0.0,2.220446049250313e-16,2.610799625716005e-16,40,0.0
1.2288416218261364,0.40192571268418653,-1.1102230246251565e-16,1.2307517362267354e-16,2.7125897320829783e-16,40,0.0
1.231632373311821,0.40628140307773314,-2.220446049250313e-16,1.9766101038310562e-16,2.818081198314217e-16,40,0.0
1.2344231247975057,0.41062674627666235,-2.220446049250313e-16,1.9738354700083667e-16,2.92739880847125e-16,40,0.0
1.2372138762831904,0.414961822952974,-2.220446049250313e-16,8.608416996763774e-17,3.0406712186133486e-16,40,0.0
1.2400046277688748,0.41928671303610293,-1.1102230246251565e-16,1.2607409141858354e-17,3.15803106637054e-16,40,0.0
1.2427953792545594,0.42360149572118266,-2.220446049250313e-16,1.9655348960259357e-16,3.279615083310966e-16,40,0.0
1.245586130740244,0.42790624947719247,-1.1102230246251565e-16,3.2018339556517036e-16,3.405564210165556e-16,40,0.0
1.2483768822259287,0.4322010520550015,-3.3306690738754696e-16,7.195848753297554e-17,3.5360237149746176e-16,40,0.0
1.251167633711613,0.4364859804953017,-3.3306690738754696e-16,2.935903959601369e-16,3.6711433142217375e-16,40,0.0
1.2539583851972977,0.44076111113643873,-3.3306690738754696e-16,2.9317828236730845e-16,3.8110772970223337e-16,40,0.0
1.2567491366829824,0.44502651962213424,-2.220446049250313e-16,8.415553194884952e-17,3.955984652434518e-16,40,0.0
1.259539888168667,0.44928228090911043,-2.220446049250313e-16,1.9490386909593734e-16,4.1060291999624406e-16,40,0.0
1.2623306396543517,0.45352846927461193,-3.3306690738754696e-16,1.8092313591694482e-16,4.2613797233225285e-16,40,0.0
1.265121391140036,0.4577651583238273,-3.3306690738754696e-16,5.135802606773475e-16,4.4222101075450555e-16,40,0.0
1.2679121426257207,0.46199242099721755,-1.1102230246251565e-16,9.704215189603542e-17,4.588699479484829e-16,40,0.0
1.2707028941114054,0.46621032957774117,-2.220446049250313e-16,8.27895896104796e-17,4.761032351815643e-16,40,0.0
1.27349364559709,0.47041895569799214,-2.220446049250313e-16,4.155844735491441e-16,4.939398770585343e-16,40,0.0
1.2762843970827746,0.47461837034723964,-3.3306690738754696e-16,5.119469550098913e-16,5.123994466409147e-16,40,0.0
1.279075148568459,0.47880864387837807,-3.3306690738754696e-16,2.8949547946932306e-16,5.315021009380813e-16,40,0.0
1.2818659000541437,0.4829898460147873,-3.3306690738754696e-16,2.890891910003512e-16,5.512685967782403e-16,40,0.0
1.2846566515398283,0.48716204585710177,-3.3306690738754696e-16,2.8868348458577314e-16,5.717203070674953e-16,40,0.0
1.287447403025513,0.49132531188989403,-4.440892098500626e-16,3.843711468406063e-16,5.928792374454234e-16,40,0.0
1.2902381545111976,0.49547971198827095,-3.3306690738754696e-16,1.7685151507378618e-16,6.147680433456933e-16,40,0.0
1.293028905996882,0.49962531342438554,-3.3306690738754696e-16,2.8746985670226075e-16,6.374100474704234e-16,40,0.0
1.2958196574825667,0.503762182873865,-6.661338147750939e-16,7.961775599736723e-16,6.608292576871955e-16,40,0.0
1.2986104089682513,0.5078903864221549,-3.3306690738754696e-16,2.866636798955148e-16,6.850503853576917e-16,40,0.0
1.3014011604539357,0.5120099895707847,-3.3306690738754696e-16,1.752391612434086e-16,7.100988641072137e-16,40,0.0
1.3041919119396204,0.516121057243552,-3.3306690738754696e-16,2.8585982884267716e-16,7.360008690444282e-16,40,0.0
1.306982663425305,0.5202236537926266,-4.440892098500626e-16,3.806117002532705e-16,7.627833364408708e-16,40,0.0
1.3097734149109896,0.5243178430045794,-5.551115123125783e-16,4.750971710483058e-16,7.904739838799531e-16,40,0.0
1.3125641663966743,0.5284036881063342,-4.440892098500626e-16,6.015891529757726e-16,8.191013308853169e-16,40,0.0
1.3153549178823587,0.532481251771042,-4.440892098500626e-16,6.010567386483836e-16,8.486947200386792e-16,40,0.0
1.3181456693680433,0.5365505961238857,-5.551115123125783e-16,4.731006171079367e-16,8.792843385973373e-16,40,0.0
1.320936420853728,0.540611782747806,-4.440892098500626e-16,3.77949627765687e-16,9.109012406218197e-16,40,0.0
1.3237271723394126,0.5446648726891598,-4.440892098500626e-16,2.6639723332088935e-16,9.435773696243264e-16,40,0.0
1.3265179238250973,0.5487099264633057,-3.3306690738754696e-16,2.8266766316822503e-16,9.773455817487043e-16,40,0.0
1.3293086753107817,0.5527470040601198,-5.551115123125783e-16,6.92496696053275e-16,1.0122396694930363e-15,40,0.0
1.3320994267964663,0.5567761649494436,-5.551115123125783e-16,6.918369819607919e-16,1.0482943859860309e-15,40,0.0
1.334890178282151,0.5607974680864612,-5.551115123125783e-16,4.691336294276179e-16,1.085545469828548e-15,40,0.0
1.3376809297678356,0.5648109719170137,-5.551115123125783e-16,4.684758480569697e-16,1.1240296705119862e-15,40,0.0
1.3404716812535202,0.5688167343828443,-5.551115123125783e-16,4.67819032672106e-16,1.1637847744252358e-15,40,0.0
1.3432624327392046,0.5728148129267802,-4.440892098500626e-16,5.95775151338197e-16,1.2048496314622496e-15,40,0.0
1.3460531842248893,0.5768052644978506,-5.551115123125783e-16,6.885529037536287e-16,1.2472641822424974e-15,40,0.0
1.348843935710574,0.58078814555634,-6.661338147750939e-16,5.59025255810704e-16,1.2910694859566343e-15,40,0.0
1.3516346871962586,0.5847635120787806,-4.440892098500626e-16,3.7216114062904484e-16,1.336307748850196e-15,40,0.0
1.3544254386819432,0.5887314195628846,-5.551115123125783e-16,6.865940413098296e-16,1.3830223533580494e-15,40,0.0
1.3572161901676276,0.5926919230324127,-7.771561172376096e-16,8.71502380824748e-16,1.4312578879027684e-15,40,0.0
1.3600069416533123,0.5966450770419874,-5.551115123125783e-16,3.5222604795459907e-16,1.4810601773702987e-15,40,0.0
1.362797693138997,0.6005909356818437,-5.551115123125783e-16,6.846438581999132e-16,1.5324763142763322e-15,40,0.0
1.3655884446246813,0.6045295525825243,-6.661338147750939e-16,7.763859484870165e-16,1.58555469063732e-15,40,0.0
1.3683791961103662,0.6084609809195181,-4.440892098500626e-16,3.690431593578945e-16,1.6403450305600818e-15,40,0.0
1.3711699475960506,0.6123852734178392,-5.551115123125783e-16,6.827023465821873e-16,1.6968984235642374e-15,40,0.0
1.3739606990817352,0.6163024823565568,-8.881784197001252e-16,6.249976922649835e-16,1.7552673586520411e-15,40,0.0
1.3767514505674199,0.620212659573263,-7.771561172376096e-16,5.320931971731935e-16,1.8155057591402735e-15,40,0.0
1.3795422020531043,0.6241158564684922,-7.771561172376096e-16,6.422148506205263e-16,1.877669018269287e-15,40,0.0
1.382332953538789,0.6280121240100867,-8.881784197001252e-16,6.219097522659305e-16,1.941814035604391e-15,40,0.0
1.3851237050244736,0.6319015127375066,-6.661338147750939e-16,7.709739686187458e-16,2.0079992542450377e-15,40,0.0
1.3879144565101582,0.6357840727660928,-7.771561172376096e-16,8.615655843444167e-16,2.076284698857694e-15,40,0.0
1.3907052079958429,0.6396598537912755,-7.771561172376096e-16,6.386257127439157e-16,2.1467320145483362e-15,40,0.0
1.3934959594815273,0.6435289050927345,-8.881784197001252e-16,9.508809368899593e-16,2.2194045065908296e-15,40,0.0
1.396286710967212,0.6473912755385103,-8.881784197001252e-16,9.498608473349232e-16,2.2943671810278948e-15,40,0.0
1.3990774624528965,0.6512470135890646,-8.881784197001252e-16,6.157753857299394e-16,2.371686786161309e-15,40,0.0
1.4018682139385812,0.6550961673012939,-6.661338147750939e-16,5.443355015557489e-16,2.451431854948608e-15,40,0.0
1.4046589654242658,0.6589387843324974,-8.881784197001252e-16,5.027205785513201e-16,2.5336727483236e-15,40,0.0
1.4074497169099502,0.6627749119442936,-1.1102230246251565e-15,1.1267336446897848e-15,2.6184816994584016e-15,40,0.0
1.4102404683956349,0.6666045970064972,-8.881784197001252e-16,6.117165106905991e-16,2.7059328589849467e-15,40,0.0
1.4130312198813195,0.6704278860009442,-9.992007221626409e-16,5.8989931283582e-16,2.7961023411942165e-15,40,0.0
1.4158219713670042,0.6742448250252758,-8.881784197001252e-16,7.207185724388066e-16,2.8890682712317713e-15,40,0.0
1.4186127228526888,0.6780554597966786,-1.1102230246251565e-15,1.121683041371516e-15,2.9849108333084267e-15,40,0.0
1.4214034743383732,0.681859835655578,-9.992007221626409e-16,8.085425134831405e-16,3.0837123199451885e-15,40,0.0
1.4241942258240579,0.6856579975692931,-1.1102230246251565e-15,1.1191692219549505e-15,3.1855571822720454e-15,40,0.0
1.4269849773097425,0.6894499901356437,-8.881784197001252e-16,7.166964601014884e-16,3.290532081400158e-15,40,0.0
1.429775728795427,0.6932358575865205,-7.771561172376096e-16,6.262329108136071e-16,3.3987259408878163e-15,40,0.0
1.4325664802811118,0.6970156437914126,-1.1102230246251565e-15,8.93368222890168e-16,3.5102300003203618e-15,40,0.0
1.4353572317667962,0.7007893922608903,-9.992007221626409e-16,8.029079198210744e-16,3.6251378700248175e-15,40,0.0
1.4381479832524808,0.7045571461500559,-1.1102230246251565e-15,1.1129181121748941e-15,3.7435455869406324e-15,40,0.0
1.4409387347381655,0.7083189482619469,-1.1102230246251565e-15,7.786067085951167e-16,3.865551671667283e-15,40,0.0
1.44372948622385,0.7120748410509037,-1.2212453270876722e-15,1.199269668554349e-15,3.991257186711154e-15,40,0.0
1.4465202377095345,0.715824866625901,-9.992007221626409e-16,7.984311638912621e-16,4.1207657959532485e-15,40,0.0
1.4493109891952192,0.7195690667538353,-1.1102230246251565e-15,7.748846562496253e-16,4.254183825360586e-15,40,0.0
1.4521017406809038,0.7233074828627808,-8.881784197001252e-16,9.297806719368923e-16,4.3916203249634885e-15,40,0.0
1.4548924921665884,0.7270401560452052,-1.3322676295501878e-15,1.060122134308755e-15,4.533187132122633e-15,40,0.0
1.4576832436522729,0.7307671270611489,-1.3322676295501878e-15,1.058642450747264e-15,4.678998936108484e-15,40,0.0
1.4604739951379575,0.7344884363413702,-9.992007221626409e-16,1.0149183914816904e-15,4.829173344017778e-15,40,0.0
1.4632647466236421,0.738204123990453,-1.1102230246251565e-15,8.79741605993005e-16,4.9838309480506965e-15,40,0.0
1.4660554981093268,0.7419142297898801,-1.1102230246251565e-15,1.322603447335553e-15,5.1430953941734106e-15,40,0.0
1.4688462495950114,0.7456187932010719,-1.2212453270876722e-15,8.539953417796597e-16,5.3070934521911505e-15,40,0.0
1.4716370010806958,0.7493178533683914,-1.3322676295501878e-15,1.0512782340837214e-15,5.4759550872571204e-15,40,0.0
1.4744277525663805,0.7530114491221157,-9.992007221626409e-16,7.873591673355447e-16,5.649813532842585e-15,40,0.0
1.4772185040520651,0.7566996189813726,-1.3322676295501878e-15,9.373261844638944e-16,5.828805365194822e-15,40,0.0
1.4800092555377498,0.7603824011570461,-1.2212453270876722e-15,8.486241365286192e-16,6.013070579308938e-15,40,0.0
1.4828000070234344,0.7640598335546489,-1.4432899320127035e-15,9.105022154791035e-16,6.202752666440789e-15,40,0.0
1.4855907585091188,0.7677319537771632,-1.2212453270876722e-15,7.349287341310479e-16,6.397998693188171e-15,40,0.0
1.4883815099948035,0.7713987991278508,-1.5543122344752192e-15,1.4383135825074264e-15,6.598959382168041e-15,40,0.0
1.491172261480488,0.7750604066130289,-1.3322676295501878e-15,1.041063886505559e-15,6.805789194317768e-15,40,0.0
1.4939630129661727,0.7787168129448195,-1.2212453270876722e-15,1.1750238978801572e-15,7.01864641284923e-15,40,0.0
1.4967537644518574,0.782368054543866,-1.5543122344752192e-15,9.891489779170979e-16,7.237693228884538e-15,40,0.0
1.4995445159375418,0.7860141675420187,-1.3322676295501878e-15,1.4808095571669439e-15,7.463095828802673e-15,40,0.0
1.5023352674232264,0.7896551877849965,-1.3322676295501878e-15,1.2573216353055418e-15,7.695024483327345e-15,40,0.0
1.505126018908911,0.7932911508350103,-1.4432899320127035e-15,1.342033579010584e-15,7.933653638385747e-15,40,0.0
1.5079167703945955,0.7969220919733668,-1.4432899320127035e-15,7.853633743468831e-16,8.179162007769309e-15,40,0.0
1.5107075218802803,0.8005480462030383,-1.3322676295501878e-15,1.0309606502787757e-15,8.431732667627677e-15,40,0.0
1.5134982733659648,0.8041690482512054,-1.3322676295501878e-15,1.2515709811282434e-15,8.691553152827014e-15,40,0.0
1.5162890248516494,0.8077851325717748,-1.6653345369377348e-15,1.5071625544359354e-15,8.958815555205591e-15,40,0.0
1.519079776337334,0.8113963333478661,-1.5543122344752192e-15,1.4198199706360616e-15,9.233716623758277e-15,40,0.0
1.5218705278230185,0.8150026844942733,-1.887379141862766e-15,1.4524192159261456e-15,9.516457866783546e-15,40,0.0
1.524661279308703,0.8186042196599009,-1.5543122344752192e-15,1.4164917533601056e-15,9.807245656026462e-15,40,0.0
1.5274520307943877,0.8222009722301717,-1.5543122344752192e-15,1.4148315867894602e-15,1.010629133285116e-14,40,0.0
1.5302427822800724,0.8257929753294092,-1.5543122344752192e-15,1.4131740461589673e-15,1.0413811316477836e-14,40,0.0
1.533033533765757,0.8293802618231957,-1.4432899320127035e-15,9.934897564197439e-16,1.0730027214319048e-14,40,0.0
1.5358242852514414,0.8329628643207029,-1.6653345369377348e-15,1.2726666765081828e-15,1.1055165934450353e-14,40,0.0
1.538615036737126,0.8365408151770003,-1.4432899320127035e-15,1.3234905525579083e-15,1.1389459800252056e-14,40,0.0
1.5414057882228107,0.8401141464953364,-1.6653345369377348e-15,1.1581121683224064e-15,1.1733146667257542e-14,40,0.0
1.5441965397084951,0.8436828901293967,-1.9984014443252818e-15,1.7428916962066764e-15,1.2086470042246122e-14,40,0.0
1.54698729119418,0.8472470776855381,-1.5543122344752192e-15,1.070216949666877e-15,1.2449679204617226e-14,40,0.0
1.5497780426798644,0.8508067405249984,-1.7763568394002505e-15,1.3481143403420603e-15,1.282302933008417e-14,40,0.0
1.552568794165549,0.8543619097660847,-1.7763568394002505e-15,1.7903331599421594e-15,1.3206781616726287e-14,40,0.0
1.5553595456512337,0.8579126162863342,-1.887379141862766e-15,1.4284000780432472e-15,1.3601203413438152e-14,40,0.0
1.558150297136918,0.8614588907246573,-1.7763568394002505e-15,1.3425121202458982e-15,1.4006568350815383e-14,40,0.0
1.560941048622603,0.865000763483457,-1.887379141862766e-15,1.4244413440495055e-15,1.4423156474518477e-14,40,0.0
1.5637318001082874,0.8685382647307202,-1.887379141862766e-15,1.6445113297415823e-15,1.485125438115287e-14,40,0.0
1.566522551593972,0.8720714244020972,-1.887379141862766e-15,1.3094729654945097e-15,1.5291155356709914e-14,40,0.0
1.5693133030796567,0.8756002722029503,-1.6653345369377348e-15,1.473686050235298e-15,1.5743159517607435e-14,40,0.0
1.572104054565341,0.8791248376103862,-1.887379141862766e-15,1.6386064377922482e-15,1.6207573954374216e-14,40,0.0
1.574894806051026,0.8826451498752661,-1.6653345369377348e-15,1.2481763385500965e-15,1.6684712878020977e-14,40,0.0
1.5776855575367104,0.8861612380241918,-1.887379141862766e-15,1.6346856265845732e-15,1.71748977691414e-14,40,0.0
1.580476309022395,0.8896731308614777,-1.6653345369377348e-15,9.116554554956953e-16,1.7678457529787016e-14,40,0.0
1.5832670605080796,0.8931808569710955,-1.7763568394002505e-15,1.1038215757742423e-15,1.8195728638161802e-14,40,0.0
1.586057811993764,0.8966844447186023,-1.887379141862766e-15,2.072917251408713e-15,1.8727055306180356e-14,40,0.0
1.588848563479449,0.9001839222530503,-1.6653345369377348e-15,1.1285399339852788e-15,1.927278963993742e-14,40,0.0
1.5916393149651333,0.9036793175088705,-1.9984014443252818e-15,1.2633726867303589e-15,1.983329180313354e-14,40,0.0
1.594430066450818,0.9071706582077455,-1.9984014443252818e-15,1.7054078297991748e-15,2.0408930183505983e-14,40,0.0
1.5972208179365026,0.9106579718604564,-1.6653345369377348e-15,1.234427067504155e-15,2.100008156231108e-14,40,0.0
1.600011569422187,0.9141412857687138,-1.887379141862766e-15,1.6191282704787317e-15,2.1607131286907857e-14,40,0.0
1.6028023209078717,0.9176206270269701,-1.6653345369377348e-15,1.0089728553895586e-15,2.2230473446490997e-14,40,0.0
1.6055930723935563,0.9210960225242107,-1.887379141862766e-15,1.615270314208916e-15,2.2870511051024155e-14,40,0.0
1.6083838238792407,0.924567498945731,-1.887379141862766e-15,1.3913014260264994e-15,2.352765621342272e-14,40,0.0
1.6111745753649256,0.9280350827748921,-1.9984014443252818e-15,1.3600862182853925e-15,2.4202330335038542e-14,40,0.0
1.61396532685061,0.9314988002948587,-2.1094237467877974e-15,1.7727376940683055e-15,2.4894964294496955e-14,40,0.0
1.6167560783362946,0.9349586775903242,-1.9984014443252818e-15,1.4670501118470518e-15,2.5605998639940493e-14,40,0.0
1.6195468298219793,0.9384147405492098,-2.1094237467877974e-15,1.5464161893467592e-15,2.6335883784730008e-14,40,0.0
1.6223375813076637,0.9418670148643535,-1.9984014443252818e-15,1.3519826136557203e-15,2.7085080206659337e-14,40,0.0
1.6251283327933486,0.9453155260351805,-7.771561172376096e-16,1.2342955296800798e-15,2.785405865073676e-14,40,0.0
1.627919084279033,0.9487602993693554,2.220446049250313e-16,1.392204132987367e-15,2.8643300335588615e-14,40,0.0
1.6307098357647176,0.9522013599844268,-4.218847493575595e-15,1.7435407268657331e-15,2.945329716354195e-14,40,0.0
1.6335005872504023,0.9556387328094158,-3.4416913763379853e-15,1.6175758348287352e-15,3.02845519344404e-14,40,0.0
1.6362913387360867,0.9590724425864645,-2.886579864025407e-15,1.6546157701163148e-15,3.113757856325524e-14,40,0.0
1.6390820902217715,0.962502513872396,-2.886579864025407e-15,1.873769758089876e-15,3.201290230154511e-14,40,0.0
1.641872841707456,0.9659289710402901,-2.55351295663786e-15,1.5183698318948698e-15,3.291105996282447e-14,40,0.0
1.6446635931931406,0.9693518382810437,-2.4424906541753444e-15,1.6574793020492222e-15,3.383260015190345e-14,40,0.0
1.6474543446788252,0.9727711396049092,-2.4424906541753444e-15,1.4330008177701303e-15,3.4778083498255114e-14,40,0.0
1.6502450961645097,0.9761868988430197,-2.3314683517128287e-15,1.9055170966255528e-15,3.574808289347414e-14,40,0.0
1.6530358476501945,0.9795991396489016,-2.3314683517128287e-15,1.4591122766072309e-15,3.674318373288792e-14,40,0.0
1.655826599135879,0.9830078854999672,-2.3314683517128287e-15,1.900889690767385e-15,3.776398416138211e-14,40,0.0
1.6586173506215636,0.9864131596989985,-2.4424906541753444e-15,1.978416806490159e-15,3.881109532350615e-14,40,0.0
1.6614081021072482,0.9898149853756112,-2.1094237467877974e-15,1.5147821705413411e-15,3.9885141617920066e-14,40,0.0
1.6641988535929326,0.9932133854877068,-2.220446049250313e-15,1.3702721133595252e-15,4.098676095625047e-14,40,0.0
1.6669896050786173,0.9966083828229122,-2.6645352591003757e-15,1.9081554113173428e-15,4.21166050264197e-14,40,0.0
1.669780356564302,1.0,-2.3314683517128287e-15,1.88938781917472e-15,4.327533956051458e-14,40,0.0
